"","Site_ID","MAP_mm","VPD_CHELSA_2006","Chi_Obs","Chi_Constant","Chi_Alienor","Chi_Own"
"1",1,398.38,626.897870576414,NA,0.595899637087234,0.603954456475743,NA
"2",1,398.38,626.897870576414,0.633900365638403,0.595899637087234,0.604180145357906,0.632388975858746
"3",1,398.38,626.897870576414,0.604751664970039,0.595899637087234,0.603994042421515,0.603201441872378
"4",1,398.38,626.897870576414,NA,0.595899637087234,0.604086522378611,NA
"5",1,398.38,626.897870576414,NA,0.595899637087234,0.604176471495241,NA
"6",1,398.38,626.897870576414,0.558047271050907,0.595899637087234,0.603415608263924,0.556459810029724
"7",1,398.38,626.897870576414,NA,0.595899637087234,0.603769266979064,NA
"8",1,398.38,626.897870576414,NA,0.595899637087234,0.60407172594497,NA
"9",1,398.38,626.897870576414,NA,0.595899637087234,0.603626678419089,NA
"10",1,398.38,626.897870576414,0.607533687158446,0.595899637087234,0.603906171727842,0.605986652921669
"11",1,398.38,626.897870576414,NA,0.595899637087234,0.603132148944714,NA
"12",1,398.38,626.897870576414,NA,0.595899637087234,0.603358503453161,NA
"13",1,398.38,626.897870576414,NA,0.595899637087234,0.603729744091381,NA
"14",1,398.38,626.897870576414,NA,0.595899637087234,0.603408002246737,NA
"15",1,398.38,626.897870576414,0.559190076246309,0.595899637087234,0.604173015070112,0.557603159390809
"16",1,398.38,626.897870576414,NA,0.595899637087234,0.604023521310765,NA
"17",1,398.38,626.897870576414,0.643776381485347,0.595899637087234,0.604069676080067,0.642280868669555
"18",1,398.38,626.897870576414,NA,0.595899637087234,0.604050553588732,NA
"19",1,398.38,626.897870576414,NA,0.595899637087234,0.604000643187964,NA
"20",2,380.18,666.077434373595,0.562577168604485,0.595694679071854,0.596302830269228,0.561045219396314
"21",2,380.18,666.077434373595,NA,0.595694679071854,0.596291900773665,NA
"22",2,380.18,666.077434373595,NA,0.595694679071854,0.596053981218812,NA
"23",2,380.18,666.077434373595,0.633815483246122,0.595694679071854,0.596480829662267,0.63235444252448
"24",2,380.18,666.077434373595,0.607122365997173,0.595694679071854,0.596755447323882,0.605626637494144
"25",2,380.18,666.077434373595,NA,0.595694679071854,0.596536564341921,NA
"26",2,380.18,666.077434373595,0.606345035470094,0.595694679071854,0.596390520372695,0.604848442659395
"27",2,380.18,666.077434373595,NA,0.595694679071854,0.595903376935184,NA
"28",2,380.18,666.077434373595,0.591663283048844,0.595694679071854,0.596474565543108,0.590151915346061
"29",2,380.18,666.077434373595,0.550293714640242,0.595694679071854,0.596560854491093,0.548756540721918
"30",2,380.18,666.077434373595,NA,0.595694679071854,0.596603953482986,NA
"31",2,380.18,666.077434373595,NA,0.595694679071854,0.59630084487278,NA
"32",2,380.18,666.077434373595,NA,0.595694679071854,0.596415560729301,NA
"33",2,380.18,666.077434373595,NA,0.595694679071854,0.59646801689198,NA
"34",2,380.18,666.077434373595,NA,0.595694679071854,0.596221237538213,NA
"35",2,380.18,666.077434373595,NA,0.595694679071854,0.596473902841668,NA
"36",2,380.18,666.077434373595,NA,0.595694679071854,0.596349738013295,NA
"37",2,380.18,666.077434373595,NA,0.595694679071854,0.59663587581543,NA
"38",2,380.18,666.077434373595,NA,0.595694679071854,0.59642593781438,NA
"39",2,380.18,666.077434373595,NA,0.595694679071854,0.597059246577614,NA
"40",2,380.18,666.077434373595,0.565434873807103,0.595694679071854,0.596620205216184,0.563904435277721
"41",2,380.18,666.077434373595,0.557107849785369,0.595694679071854,0.596460802021963,0.555573320007189
"42",2,380.18,666.077434373595,0.549559396393932,0.595694679071854,0.596262427220879,0.548021975339426
"43",2,380.18,666.077434373595,NA,0.595694679071854,0.596328624542881,NA
"44",2,380.18,666.077434373595,NA,0.595694679071854,0.595980687931829,NA
"45",2,380.18,666.077434373595,NA,0.595694679071854,0.596333525098645,NA
"46",2,380.18,666.077434373595,NA,0.595694679071854,0.596201149873723,NA
"47",2,380.18,666.077434373595,NA,0.595694679071854,0.595888510673803,NA
"48",2,380.18,666.077434373595,NA,0.595694679071854,0.596240717104076,NA
"49",2,380.18,666.077434373595,0.698732177294966,0.595694679071854,0.596605088348293,0.697396136971849
"50",2,380.18,666.077434373595,NA,0.595694679071854,0.596246699781394,NA
"51",2,380.18,666.077434373595,0.501154299005848,0.595694679071854,0.596274384413555,0.499616804616625
"52",2,380.18,666.077434373595,0.532229205221164,0.595694679071854,0.596475482556559,0.530688086590678
"53",2,380.18,666.077434373595,NA,0.595694679071854,0.596304917209127,NA
"54",2,380.18,666.077434373595,NA,0.595694679071854,0.596377965612338,NA
"55",2,380.18,666.077434373595,NA,0.595694679071854,0.596630772296248,NA
"56",2,380.18,666.077434373595,NA,0.595694679071854,0.596117442356586,NA
"57",2,380.18,666.077434373595,NA,0.595694679071854,0.596283123764718,NA
"58",2,380.18,666.077434373595,NA,0.595694679071854,0.596144093758141,NA
"59",2,380.18,666.077434373595,NA,0.595694679071854,0.59593771466969,NA
"60",2,380.18,666.077434373595,NA,0.595694679071854,0.596371117212291,NA
"61",2,380.18,666.077434373595,NA,0.595694679071854,0.596344221470043,NA
"62",2,380.18,666.077434373595,NA,0.595694679071854,0.596757008040127,NA
"63",3,555.22,503.397137897887,0.684102936998002,0.634934595732371,0.653944706197959,0.682750379982413
"64",3,555.22,503.397137897887,NA,0.634934595732371,0.65383130685753,NA
"65",3,555.22,503.397137897887,0.627136943567687,0.634934595732371,0.653883362235795,0.625684295732906
"66",3,555.22,503.397137897887,0.70666360887901,0.634934595732371,0.653969444208021,0.705362815690418
"67",3,555.22,503.397137897887,NA,0.634934595732371,0.653874529892088,NA
"68",3,555.22,503.397137897887,0.683158328896166,0.634934595732371,0.653929224724203,0.68180375464067
"69",3,555.22,503.397137897887,NA,0.634934595732371,0.65394920841518,NA
"70",3,555.22,503.397137897887,0.716451941368047,0.634934595732371,0.653942817993544,0.715175747796448
"71",3,555.22,503.397137897887,0.737360754414235,0.634934595732371,0.65388398668837,0.736141449374845
"72",3,555.22,503.397137897887,NA,0.634934595732371,0.654001332666089,NA
"73",3,555.22,503.397137897887,0.649797203207456,0.634934595732371,0.653900246522348,0.648379118977257
"74",3,555.22,503.397137897887,0.727726809298888,0.634934595732371,0.653894457866172,0.72648055748014
"75",3,555.22,503.397137897887,0.680899664837054,0.634934595732371,0.653865116691215,0.679540316035524
"76",3,555.22,503.397137897887,0.72760332735559,0.634934595732371,0.653904974202202,0.726356738301174
"77",3,555.22,503.397137897887,0.717192430720698,0.634934595732371,0.653918486342123,0.715918150843238
"78",3,555.22,503.397137897887,0.759404555541645,0.634934595732371,0.653947495876271,0.758251633782597
"79",3,555.22,503.397137897887,0.683569022573485,0.634934595732371,0.653985649561014,0.682215323885001
"80",3,555.22,503.397137897887,NA,0.634934595732371,0.653829037820434,NA
"81",3,555.22,503.397137897887,0.693798022973284,0.634934595732371,0.653971325661863,0.692466867370284
"82",3,555.22,503.397137897887,0.73694895227419,0.634934595732371,0.653889542392163,0.735728469702307
"83",3,555.22,503.397137897887,0.671908611785991,0.634934595732371,0.653932599109807,0.670530940553169
"84",3,555.22,503.397137897887,0.604011558603611,0.634934595732371,0.653924016124974,0.602530785999392
"85",3,555.22,503.397137897887,NA,0.634934595732371,0.653965375830994,NA
"86",3,555.22,503.397137897887,NA,0.634934595732371,0.653926025126095,NA
"87",4,582.84,494.671228258229,0.818712825388964,0.63433509124097,0.653457730732078,0.817751671280803
"88",4,582.84,494.671228258229,0.822475964738048,0.63433509124097,0.653584724753143,0.821530137803254
"89",4,582.84,494.671228258229,0.737214269178226,0.63433509124097,0.653438374264276,0.735969186798942
"90",4,582.84,494.671228258229,NA,0.63433509124097,0.653453713394883,NA
"91",4,582.84,494.671228258229,0.688392098142469,0.63433509124097,0.653541310848345,0.687020849496883
"92",4,582.84,494.671228258229,NA,0.63433509124097,0.653545211663034,NA
"93",4,582.84,494.671228258229,0.684079117334904,0.63433509124097,0.65343074383069,0.682698303654964
"94",4,582.84,494.671228258229,0.782482323879534,0.63433509124097,0.653525220212223,0.781383619011145
"95",4,582.84,494.671228258229,0.750932273122959,0.63433509124097,0.653575031306461,0.749728560578819
"96",4,582.84,494.671228258229,NA,0.63433509124097,0.653466115991018,NA
"97",4,582.84,494.671228258229,0.82065633647561,0.63433509124097,0.653538880516433,0.819703073790069
"98",4,582.84,494.671228258229,0.702323233708216,0.63433509124097,0.65343852290141,0.700984633091209
"99",4,582.84,494.671228258229,0.81106466821903,0.63433509124097,0.653496964873395,0.810072966707798
"100",4,582.84,494.671228258229,NA,0.63433509124097,0.653524145324353,NA
"101",4,582.84,494.671228258229,NA,0.63433509124097,0.653459130800905,NA
"102",4,582.84,494.671228258229,0.591391114693542,0.63433509124097,0.6535213662443,0.589866690680836
"103",4,582.84,494.671228258229,NA,0.63433509124097,0.653488239334985,NA
"104",4,582.84,494.671228258229,0.661543566317998,0.63433509124097,0.653532909147638,0.660116945612611
"105",4,582.84,494.671228258229,NA,0.63433509124097,0.653484825191237,NA
"106",4,582.84,494.671228258229,0.794992398751518,0.63433509124097,0.653506998247066,0.793939138296829
"107",4,582.84,494.671228258229,NA,0.63433509124097,0.653463568684489,NA
"108",4,582.84,494.671228258229,NA,0.63433509124097,0.653550288608677,NA
"109",4,582.84,494.671228258229,0.703597657939709,0.63433509124097,0.653506155705369,0.702262177610157
"110",4,582.84,494.671228258229,NA,0.63433509124097,0.653522921359485,NA
"111",4,582.84,494.671228258229,0.739891217688218,0.63433509124097,0.653495725210845,0.738654004256941
"112",4,582.84,494.671228258229,NA,0.63433509124097,0.653405763745438,NA
"113",5,568.01,456.026391326344,0.771454182757147,0.628567916879438,0.648183476737231,0.770198057434008
"114",5,568.01,456.026391326344,NA,0.628567916879438,0.648165063053186,NA
"115",5,568.01,456.026391326344,NA,0.628567916879438,0.648171380565249,NA
"116",5,568.01,456.026391326344,0.774878651644271,0.628567916879438,0.648157120971022,0.773635474419606
"117",5,568.01,456.026391326344,NA,0.628567916879438,0.648195278038208,NA
"118",5,568.01,456.026391326344,0.822014322743103,0.628567916879438,0.648190400427961,NA
"119",5,568.01,456.026391326344,0.731806111099977,0.628567916879438,0.648111018759922,0.730413058509246
"120",5,568.01,456.026391326344,0.759741159440858,0.628567916879438,0.648171954330995,0.75844209491979
"121",5,568.01,456.026391326344,NA,0.628567916879438,0.648146152781961,NA
"122",5,568.01,456.026391326344,NA,0.628567916879438,0.648147004620029,NA
"123",5,568.01,456.026391326344,0.779170380629805,0.628567916879438,0.64815746489582,0.777943682534377
"124",5,568.01,456.026391326344,0.773352008705799,0.628567916879438,0.648190957590768,0.772103037127716
"125",5,568.01,456.026391326344,NA,0.628567916879438,0.648176127310802,NA
"126",5,568.01,456.026391326344,NA,0.628567916879438,0.648150973939686,NA
"127",5,568.01,456.026391326344,NA,0.628567916879438,0.648173191678481,NA
"128",5,568.01,456.026391326344,0.766999125533068,0.628567916879438,0.648187292417435,0.765726422371772
"129",5,568.01,456.026391326344,0.725219463714614,0.628567916879438,0.648183965584865,0.723805978220588
"130",5,568.01,456.026391326344,NA,0.628567916879438,0.648217891049253,NA
"131",5,568.01,456.026391326344,0.733741351693312,0.628567916879438,0.648177268138123,0.732354427856009
"132",5,568.01,456.026391326344,0.681350252284408,0.628567916879438,0.648170335844745,0.67981748842472
"133",5,568.01,456.026391326344,NA,0.628567916879438,0.648157088583667,NA
"134",5,568.01,456.026391326344,0.696140707075236,0.628567916879438,0.648154589757629,0.694644892107807
"135",5,568.01,456.026391326344,0.824206498757451,0.628567916879438,0.648222422027517,NA
"136",5,568.01,456.026391326344,0.782431059827759,0.628567916879438,0.648169738181607,0.781217069214382
"137",5,568.01,456.026391326344,0.694496781558754,0.628567916879438,0.648222195125142,0.692996695743888
"138",5,568.01,456.026391326344,NA,0.628567916879438,0.648178761729464,NA
"139",5,568.01,456.026391326344,NA,0.628567916879438,0.648181563248363,NA
"140",5,568.01,456.026391326344,NA,0.628567916879438,0.648188253447228,NA
"141",5,568.01,456.026391326344,0.762833720420125,0.628567916879438,0.648204750949705,0.761545790312189
"142",5,568.01,456.026391326344,NA,0.628567916879438,0.648182637658505,NA
"143",5,568.01,456.026391326344,0.740577958029675,0.628567916879438,0.648175840078546,0.739213140890757
"144",5,568.01,456.026391326344,0.671783384763209,0.628567916879438,0.648146398609306,0.670228489995243
"145",5,568.01,456.026391326344,0.709955031341353,0.628567916879438,0.648237167821923,0.708496726821829
"146",5,568.01,456.026391326344,NA,0.628567916879438,0.648191899276202,NA
"147",5,568.01,456.026391326344,0.769432783732667,0.628567916879438,0.64813170418717,0.768169099113803
"148",5,568.01,456.026391326344,0.727236393668774,0.628567916879438,0.648200314775859,0.725829095008663
"149",5,568.01,456.026391326344,0.76893777839756,0.628567916879438,0.648181263695397,0.767672252112117
"150",5,568.01,456.026391326344,NA,0.628567916879438,0.648228433206688,NA
"151",5,568.01,456.026391326344,0.770629097239625,0.628567916879438,0.648189248096548,0.769369878890672
"152",5,568.01,456.026391326344,NA,0.628567916879438,0.648135355562907,NA
"153",5,568.01,456.026391326344,0.673138069863924,0.628567916879438,0.648135827898094,0.671586224448081
"154",5,568.01,456.026391326344,0.762998670449407,0.628567916879438,0.648168733499607,0.761711338310834
"155",6,568.96,467.518110070773,0.74559520859202,0.628459996945312,0.643079967060211,0.74426995563179
"156",6,568.96,467.518110070773,0.759155002979165,0.628459996945312,0.643141181288592,0.757875921896095
"157",6,568.96,467.518110070773,NA,0.628459996945312,0.643115787784094,NA
"158",6,568.96,467.518110070773,NA,0.628459996945312,0.643190131305227,NA
"159",6,568.96,467.518110070773,NA,0.628459996945312,0.643127936079066,NA
"160",6,568.96,467.518110070773,NA,0.628459996945312,0.643121098414797,NA
"161",6,568.96,467.518110070773,NA,0.628459996945312,0.643118418607734,NA
"162",6,568.96,467.518110070773,NA,0.628459996945312,0.643131458354371,NA
"163",6,568.96,467.518110070773,0.810551332287927,0.628459996945312,0.643081489954885,0.809472232114864
"164",6,568.96,467.518110070773,0.808071368999375,0.628459996945312,0.643097931281531,0.806981711516135
"165",6,568.96,467.518110070773,0.727433740862503,0.628459996945312,0.643105690163746,0.726050953905562
"166",6,568.96,467.518110070773,NA,0.628459996945312,0.64314211477928,NA
"167",6,568.96,467.518110070773,0.776272436823116,0.628459996945312,0.643127965432925,0.775055568669049
"168",6,568.96,467.518110070773,NA,0.628459996945312,0.643073313430791,NA
"169",6,568.96,467.518110070773,NA,0.628459996945312,0.643076430294377,NA
"170",6,568.96,467.518110070773,NA,0.628459996945312,0.643143270852888,NA
"171",6,568.96,467.518110070773,NA,0.628459996945312,0.643135127369958,NA
"172",6,568.96,467.518110070773,NA,0.628459996945312,0.643090075627525,NA
"173",6,568.96,467.518110070773,0.759938372553032,0.628459996945312,0.643133492632897,0.75866204290666
"174",6,568.96,467.518110070773,0.734103381370943,0.628459996945312,0.643104267275222,0.732741150386438
"175",6,568.96,467.518110070773,0.766371410462073,0.628459996945312,0.643108156206832,0.765118022828273
"176",6,568.96,467.518110070773,NA,0.628459996945312,0.643155674327544,NA
"177",6,568.96,467.518110070773,0.778377036858604,0.628459996945312,0.643080522616968,0.777168120441219
"178",6,568.96,467.518110070773,0.81869604049235,0.628459996945312,0.6431304297482,0.81765226059859
"179",6,568.96,467.518110070773,0.796915337079302,0.628459996945312,0.643097551669148,0.795779326689654
"180",6,568.96,467.518110070773,NA,0.628459996945312,0.643082510751424,NA
"181",6,568.96,467.518110070773,NA,0.628459996945312,0.643103924761552,NA
"182",6,568.96,467.518110070773,0.798939488221022,0.628459996945312,0.643086211527223,0.797811749743741
"183",6,568.96,467.518110070773,NA,0.628459996945312,0.643134158957778,NA
"184",6,568.96,467.518110070773,NA,0.628459996945312,0.64314219167476,NA
"185",6,568.96,467.518110070773,0.719902196255478,0.628459996945312,0.643082037079775,0.718496996205085
"186",6,568.96,467.518110070773,NA,0.628459996945312,0.643121469078761,NA
"187",6,568.96,467.518110070773,NA,0.628459996945312,0.643084952764706,NA
"188",6,568.96,467.518110070773,0.730891794888458,0.628459996945312,0.643151702424865,0.729519582726396
"189",6,568.96,467.518110070773,0.835740365685846,0.628459996945312,0.643107624998667,NA
"190",6,568.96,467.518110070773,NA,0.628459996945312,0.643119458225465,NA
"191",6,568.96,467.518110070773,NA,0.628459996945312,0.643134131812362,NA
"192",6,568.96,467.518110070773,NA,0.628459996945312,0.643088151703689,NA
"193",6,568.96,467.518110070773,0.750622387056688,0.628459996945312,0.643135507518382,0.749313931197676
"194",6,568.96,467.518110070773,0.745265601740594,0.628459996945312,0.643136269916907,0.743939260679202
"195",6,568.96,467.518110070773,NA,0.628459996945312,0.643063215456258,NA
"196",6,568.96,467.518110070773,NA,0.628459996945312,0.643090044095719,NA
"197",6,568.96,467.518110070773,NA,0.628459996945312,0.64316735103296,NA
"198",6,568.96,467.518110070773,NA,0.628459996945312,0.643101221711229,NA
"199",6,568.96,467.518110070773,0.72570493841307,0.628459996945312,0.643099771011298,0.724316931757213
"200",6,568.96,467.518110070773,NA,0.628459996945312,0.643126746981089,NA
"201",6,568.96,467.518110070773,NA,0.628459996945312,0.643113176454958,NA
"202",6,568.96,467.518110070773,NA,0.628459996945312,0.643108286634514,NA
"203",6,568.96,467.518110070773,0.811750091411279,0.628459996945312,0.643071104542161,0.810676127423532
"204",7,554.73,490.954093020419,NA,0.626133990978621,0.648197608368373,NA
"205",7,554.73,490.954093020419,NA,0.626133990978621,0.64811897726746,NA
"206",7,554.73,490.954093020419,0.860627690319517,0.626133990978621,0.648172461610542,NA
"207",7,554.73,490.954093020419,NA,0.626133990978621,0.648189412156652,NA
"208",7,554.73,490.954093020419,0.828911282140001,0.626133990978621,0.648231364086369,NA
"209",7,554.73,490.954093020419,NA,0.626133990978621,0.648251611060473,NA
"210",7,554.73,490.954093020419,NA,0.626133990978621,0.648168152763777,NA
"211",7,554.73,490.954093020419,0.709700922684618,0.626133990978621,0.648166111517681,0.708298672999491
"212",7,554.73,490.954093020419,NA,0.626133990978621,0.648235040626852,NA
"213",7,554.73,490.954093020419,0.767938542457394,0.626133990978621,0.648250104680452,0.766718561647107
"214",7,554.73,490.954093020419,NA,0.626133990978621,0.648149870654776,NA
"215",7,554.73,490.954093020419,NA,0.626133990978621,0.648197446100784,NA
"216",7,554.73,490.954093020419,NA,0.626133990978621,0.648170796391987,NA
"217",7,554.73,490.954093020419,0.719121097820116,0.626133990978621,0.648223929264831,0.717744967717761
"218",7,554.73,490.954093020419,NA,0.626133990978621,0.64820645084485,NA
"219",7,554.73,490.954093020419,0.766536209679369,0.626133990978621,0.648153373886447,0.765311256839536
"220",7,554.73,490.954093020419,NA,0.626133990978621,0.648189234936173,NA
"221",7,554.73,490.954093020419,0.601380780151975,0.626133990978621,0.648155498152223,0.599771346280975
"222",7,554.73,490.954093020419,0.753919640990636,0.626133990978621,0.648172783898774,0.752651249949733
"223",7,554.73,490.954093020419,0.839381250906504,0.626133990978621,0.648246512168999,NA
"224",7,554.73,490.954093020419,NA,0.626133990978621,0.648224375159439,NA
"225",7,554.73,490.954093020419,NA,0.626133990978621,0.64823869667022,NA
"226",7,554.73,490.954093020419,NA,0.626133990978621,0.648179766579227,NA
"227",7,554.73,490.954093020419,0.764721572135936,0.626133990978621,0.64817661446131,0.763490228147037
"228",7,554.73,490.954093020419,0.743123546782194,0.626133990978621,0.648192414955477,0.741819834790302
"229",7,554.73,490.954093020419,NA,0.626133990978621,0.648157979903123,NA
"230",7,554.73,490.954093020419,0.764267938493999,0.626133990978621,0.648149769931713,0.763035004339049
"231",7,554.73,490.954093020419,0.802367776302916,0.626133990978621,0.648190461345727,0.80127889708072
"232",7,554.73,490.954093020419,NA,0.626133990978621,0.648231579158749,NA
"233",7,554.73,490.954093020419,NA,0.626133990978621,0.64819386017578,NA
"234",7,554.73,490.954093020419,NA,0.626133990978621,0.648240996124366,NA
"235",7,554.73,490.954093020419,NA,0.626133990978621,0.648152485822686,NA
"236",7,554.73,490.954093020419,0.792330115668722,0.626133990978621,0.648202569371045,0.791201221759137
"237",7,554.73,490.954093020419,NA,0.626133990978621,0.648184837033552,NA
"238",7,554.73,490.954093020419,NA,0.626133990978621,0.648235982351165,NA
"239",7,554.73,490.954093020419,0.775157988642464,0.626133990978621,0.64816526073745,0.77396406026805
"240",7,554.73,490.954093020419,NA,0.626133990978621,0.648215023366703,NA
"241",7,554.73,490.954093020419,NA,0.626133990978621,0.648197935997319,NA
"242",7,554.73,490.954093020419,NA,0.626133990978621,0.648213298363674,NA
"243",7,554.73,490.954093020419,NA,0.626133990978621,0.648252056793455,NA
"244",8,635.3,465.020983514604,0.709169328732428,0.611477261098728,0.629646623643172,0.707574335358132
"245",8,635.3,465.020983514604,NA,0.611477261098728,0.629637287701254,NA
"246",8,635.3,465.020983514604,NA,0.611477261098728,0.629661834819589,NA
"247",8,635.3,465.020983514604,NA,0.611477261098728,0.629651153260365,NA
"248",8,635.3,465.020983514604,NA,0.611477261098728,0.629639480174163,NA
"249",8,635.3,465.020983514604,NA,0.611477261098728,0.629612176218461,NA
"250",8,635.3,465.020983514604,NA,0.611477261098728,0.629642798639251,NA
"251",8,635.3,465.020983514604,0.815152970576861,0.611477261098728,0.629594046989604,NA
"252",8,635.3,465.020983514604,NA,0.611477261098728,0.629633191627172,NA
"253",8,635.3,465.020983514604,NA,0.611477261098728,0.629637411185126,NA
"254",8,635.3,465.020983514604,0.710979111675474,0.611477261098728,0.629652357880054,0.709389708509405
"255",8,635.3,465.020983514604,NA,0.611477261098728,0.629651566497827,NA
"256",8,635.3,465.020983514604,NA,0.611477261098728,0.629605061876603,NA
"257",8,635.3,465.020983514604,NA,0.611477261098728,0.629585138197187,NA
"258",8,635.3,465.020983514604,0.841964596897824,0.611477261098728,0.629628738220282,NA
"259",8,635.3,465.020983514604,NA,0.611477261098728,0.629604650879113,NA
"260",8,635.3,465.020983514604,0.85525959187813,0.611477261098728,0.629623132991152,NA
"261",8,635.3,465.020983514604,NA,0.611477261098728,0.629641362435829,NA
"262",8,635.3,465.020983514604,NA,0.611477261098728,0.629566611623769,NA
"263",8,635.3,465.020983514604,NA,0.611477261098728,0.629639100788074,NA
"264",8,635.3,465.020983514604,NA,0.611477261098728,0.629558132020374,NA
"265",8,635.3,465.020983514604,0.761513558705091,0.611477261098728,0.629631436914379,0.760102130554254
"266",8,635.3,465.020983514604,0.793787328828176,0.611477261098728,0.629662847590973,0.792511685867603
"267",8,635.3,465.020983514604,0.771536785959946,0.611477261098728,0.629646040755661,0.770165681490539
"268",8,635.3,465.020983514604,0.631216815236408,0.611477261098728,0.629643201127068,0.629432410731918
"269",8,635.3,465.020983514604,NA,0.611477261098728,0.62960470435804,NA
"270",8,635.3,465.020983514604,NA,0.611477261098728,0.629608349511641,NA
"271",8,635.3,465.020983514604,NA,0.611477261098728,0.629619517670458,NA
"272",8,635.3,465.020983514604,0.815566457513971,0.611477261098728,0.629607798920658,NA
"273",8,635.3,465.020983514604,NA,0.611477261098728,0.629627477686805,NA
"274",8,635.3,465.020983514604,0.781606320624846,0.611477261098728,0.629553274628814,0.780277401524542
"275",8,635.3,465.020983514604,0.774961509316597,0.611477261098728,0.629566946951744,0.773604563941877
"276",8,635.3,465.020983514604,NA,0.611477261098728,0.629566442643534,NA
"277",8,635.3,465.020983514604,NA,0.611477261098728,0.629620106215741,NA
"278",8,635.3,465.020983514604,NA,0.611477261098728,0.629609835457113,NA
"279",8,635.3,465.020983514604,NA,0.611477261098728,0.629626670255167,NA
"280",8,635.3,465.020983514604,0.840184317579061,0.611477261098728,0.629568682288062,NA
"281",8,635.3,465.020983514604,NA,0.611477261098728,0.629637172731708,NA
"282",8,635.3,465.020983514604,NA,0.611477261098728,0.629614579738902,NA
"283",9,709.95,478.801013346893,0.643039737761375,0.609099123080873,0.62161282616416,0.641266162706
"284",9,709.95,478.801013346893,0.730547867996311,0.609099123080873,0.621628846873826,0.729012511577483
"285",9,709.95,478.801013346893,0.716965119859738,0.609099123080873,0.621613993066597,0.715384436688916
"286",9,709.95,478.801013346893,NA,0.609099123080873,0.621588745824367,NA
"287",9,709.95,478.801013346893,NA,0.609099123080873,0.621568252845717,NA
"288",9,709.95,478.801013346893,NA,0.609099123080873,0.621659005905241,NA
"289",9,709.95,478.801013346893,NA,0.609099123080873,0.621625711203212,NA
"290",9,709.95,478.801013346893,0.897959602361578,0.609099123080873,0.621641497842904,NA
"291",9,709.95,478.801013346893,NA,0.609099123080873,0.621634697154464,NA
"292",9,709.95,478.801013346893,NA,0.609099123080873,0.621676864121391,NA
"293",9,709.95,478.801013346893,NA,0.609099123080873,0.621575319239528,NA
"294",9,709.95,478.801013346893,NA,0.609099123080873,0.621644857960865,NA
"295",9,709.95,478.801013346893,0.763349167447427,0.609099123080873,0.621663942923007,0.76193593825114
"296",9,709.95,478.801013346893,0.760503706044075,0.609099123080873,0.621625965844448,0.759079172612997
"297",9,709.95,478.801013346893,NA,0.609099123080873,0.621572102080901,NA
"298",9,709.95,478.801013346893,NA,0.609099123080873,0.62160141167974,NA
"299",9,709.95,478.801013346893,0.712809822101798,0.609099123080873,0.621645982630943,0.711215885733395
"300",9,709.95,478.801013346893,NA,0.609099123080873,0.621624305131369,NA
"301",9,709.95,478.801013346893,0.807402354933315,0.609099123080873,0.621569132761358,0.806181354463248
"302",9,709.95,478.801013346893,0.814843582220043,0.609099123080873,0.621568076399341,NA
"303",9,709.95,478.801013346893,NA,0.609099123080873,0.621599308820679,NA
"304",9,709.95,478.801013346893,NA,0.609099123080873,0.621617480322103,NA
"305",9,709.95,478.801013346893,NA,0.609099123080873,0.621627874365726,NA
"306",9,709.95,478.801013346893,0.7820403064631,0.609099123080873,0.621635936829861,0.780704685953692
"307",9,709.95,478.801013346893,NA,0.609099123080873,0.621602906690621,NA
"308",9,709.95,478.801013346893,NA,0.609099123080873,0.621649830855472,NA
"309",9,709.95,478.801013346893,NA,0.609099123080873,0.621601540318558,NA
"310",9,709.95,478.801013346893,0.90327483559075,0.609099123080873,0.62155910784743,NA
"311",9,709.95,478.801013346893,0.7187756191141,0.609099123080873,0.621637373245402,0.717200800351981
"312",9,709.95,478.801013346893,NA,0.609099123080873,0.621614060411962,NA
"313",9,709.95,478.801013346893,NA,0.609099123080873,0.621628163975348,NA
"314",9,709.95,478.801013346893,NA,0.609099123080873,0.621658709614343,NA
"315",9,709.95,478.801013346893,NA,0.609099123080873,0.621641185804373,NA
"316",9,709.95,478.801013346893,NA,0.609099123080873,0.621602902781981,NA
"317",9,709.95,478.801013346893,NA,0.609099123080873,0.62160462344613,NA
"318",9,709.95,478.801013346893,NA,0.609099123080873,0.621608755845479,NA
"319",9,709.95,478.801013346893,0.769330080774423,0.609099123080873,0.621685458637862,0.767941051890964
"320",9,709.95,478.801013346893,0.840330071052886,0.609099123080873,0.621579841552218,NA
"321",9,709.95,478.801013346893,0.745705594033091,0.609099123080873,0.621593976167833,0.744224446499943
"322",9,709.95,478.801013346893,NA,0.609099123080873,0.621641298796927,NA
"323",9,709.95,478.801013346893,0.864025178770072,0.609099123080873,0.62165324754474,NA
"324",9,709.95,478.801013346893,0.66079788084747,0.609099123080873,0.621614392437264,0.659062350941096
"325",9,709.95,478.801013346893,NA,0.609099123080873,0.621668203148198,NA
"326",9,709.95,478.801013346893,NA,0.609099123080873,0.621643525651319,NA
"327",9,709.95,478.801013346893,NA,0.609099123080873,0.621598264955257,NA
"328",9,709.95,478.801013346893,NA,0.609099123080873,0.621638217940553,NA
"329",9,709.95,478.801013346893,NA,0.609099123080873,0.621661206412244,NA
"330",9,709.95,478.801013346893,NA,0.609099123080873,0.621602939331285,NA
"331",9,709.95,478.801013346893,0.749620462650774,0.609099123080873,0.621627072126789,0.748153937642035
"332",9,709.95,478.801013346893,NA,0.609099123080873,0.621589006421352,NA
"333",9,709.95,478.801013346893,NA,0.609099123080873,0.62167899100985,NA
"334",9,709.95,478.801013346893,0.731989004607992,0.609099123080873,0.621591191986236,0.730458637589001
"335",9,709.95,478.801013346893,NA,0.609099123080873,0.621622262677414,NA
"336",9,709.95,478.801013346893,NA,0.609099123080873,0.621595831197885,NA
"337",9,709.95,478.801013346893,NA,0.609099123080873,0.621658058170278,NA
"338",10,621.93,566.42115347935,NA,0.615406468107212,0.640839550161825,NA
"339",10,621.93,566.42115347935,0.740997409466852,0.615406468107212,0.640905554600263,0.739741791234585
"340",10,621.93,566.42115347935,NA,0.615406468107212,0.641019375128202,NA
"341",10,621.93,566.42115347935,0.730249849909515,0.615406468107212,0.640942687602218,0.728962513758605
"342",10,621.93,566.42115347935,NA,0.615406468107212,0.640705105503521,NA
"343",10,621.93,566.42115347935,NA,0.615406468107212,0.640908032986332,NA
"344",10,621.93,566.42115347935,NA,0.615406468107212,0.64082371192211,NA
"345",10,621.93,566.42115347935,0.600379045089171,0.615406468107212,0.641001348324433,0.598836488027771
"346",10,621.93,566.42115347935,NA,0.615406468107212,0.640933328798448,NA
"347",10,621.93,566.42115347935,NA,0.615406468107212,0.640927112780344,NA
"348",10,621.93,566.42115347935,0.644805057430312,0.615406468107212,0.640977689597693,0.643323207396797
"349",10,621.93,566.42115347935,0.653784182158219,0.615406468107212,0.640847577713247,0.652317960176335
"350",10,621.93,566.42115347935,NA,0.615406468107212,0.640970147985763,NA
"351",10,621.93,566.42115347935,NA,0.615406468107212,0.640814253716434,NA
"352",10,621.93,566.42115347935,NA,0.615406468107212,0.640989945088707,NA
"353",10,621.93,566.42115347935,NA,0.615406468107212,0.640819237009643,NA
"354",10,621.93,566.42115347935,NA,0.615406468107212,0.640791084995528,NA
"355",10,621.93,566.42115347935,NA,0.615406468107212,0.640943030996139,NA
"356",10,621.93,566.42115347935,0.693932173906438,0.615406468107212,0.64077232872286,0.692549651030743
"357",10,621.93,566.42115347935,NA,0.615406468107212,0.640852615655564,NA
"358",10,621.93,566.42115347935,0.71658697917915,0.615406468107212,0.640809931509366,0.715261661960832
"359",10,621.93,566.42115347935,NA,0.615406468107212,0.640915732206517,NA
"360",10,621.93,566.42115347935,NA,0.615406468107212,0.64096256627731,NA
"361",10,621.93,566.42115347935,NA,0.615406468107212,0.640870274689874,NA
"362",10,621.93,566.42115347935,0.660182739246887,0.615406468107212,0.640902573617238,0.658728343249756
"363",10,621.93,566.42115347935,NA,0.615406468107212,0.640900186924276,NA
"364",10,621.93,566.42115347935,NA,0.615406468107212,0.640942122307394,NA
"365",10,621.93,566.42115347935,0.618587864288381,0.615406468107212,0.641022439611229,0.617066846677192
"366",10,621.93,566.42115347935,0.706798263425046,0.615406468107212,0.640959250008158,0.705447345355365
"367",10,621.93,566.42115347935,0.65025765070453,0.615406468107212,0.640968088994688,0.648785156128119
"368",10,621.93,566.42115347935,0.611261415448447,0.615406468107212,0.640850563264856,0.609731173186241
"369",10,621.93,566.42115347935,NA,0.615406468107212,0.640832128633017,NA
"370",10,621.93,566.42115347935,NA,0.615406468107212,0.640857232640683,NA
"371",10,621.93,566.42115347935,NA,0.615406468107212,0.640880374123986,NA
"372",10,621.93,566.42115347935,NA,0.615406468107212,0.640947356793385,NA
"373",10,621.93,566.42115347935,NA,0.615406468107212,0.64081580601105,NA
"374",10,621.93,566.42115347935,NA,0.615406468107212,0.640976735034527,NA
"375",10,621.93,566.42115347935,0.701617945326618,0.615406468107212,0.640834991554253,0.700254022873023
"376",10,621.93,566.42115347935,NA,0.615406468107212,0.64090291407427,NA
"377",10,621.93,566.42115347935,NA,0.615406468107212,0.641049290113654,NA
"378",11,418.94,655.045894657568,0.67873831016789,0.607559865669993,0.608543527597022,0.677401386112537
"379",11,418.94,655.045894657568,NA,0.607559865669993,0.608259376903791,NA
"380",11,418.94,655.045894657568,0.692662216875395,0.607559865669993,0.609220330013433,0.691354800142064
"381",11,418.94,655.045894657568,0.719551756418543,0.607559865669993,0.608873578595238,0.718308602749788
"382",11,418.94,655.045894657568,0.640589838735611,0.607559865669993,0.609360390028761,0.639185240064203
"383",11,418.94,655.045894657568,NA,0.607559865669993,0.608979308973231,NA
"384",11,418.94,655.045894657568,NA,0.607559865669993,0.607499897094665,NA
"385",11,418.94,655.045894657568,0.708528419247058,0.607559865669993,0.608408663103959,0.707257760713145
"386",11,418.94,655.045894657568,NA,0.607559865669993,0.608729564016892,NA
"387",11,418.94,655.045894657568,NA,0.607559865669993,0.608938175860646,NA
"388",11,418.94,655.045894657568,0.542967879118538,0.607559865669993,0.608813546387099,0.541477880259419
"389",11,418.94,655.045894657568,NA,0.607559865669993,0.608845780694716,NA
"390",11,418.94,655.045894657568,0.569819283995614,0.607559865669993,0.608743954115623,0.568340198793755
"391",11,418.94,655.045894657568,0.535995712735456,0.607559865669993,0.609270911481188,0.534504439662711
"392",11,418.94,655.045894657568,NA,0.607559865669993,0.609000836650767,NA
"393",11,418.94,655.045894657568,0.575087719303671,0.607559865669993,0.608805772819507,0.573611894857925
"394",11,418.94,655.045894657568,0.701251418149854,0.607559865669993,0.609004511038711,0.699963485938844
"395",11,418.94,655.045894657568,NA,0.607559865669993,0.608959992972614,NA
"396",11,418.94,655.045894657568,NA,0.607559865669993,0.608855030580178,NA
"397",12,419.86,664.085791815842,NA,0.608516456041156,0.61689693469666,NA
"398",12,419.86,664.085791815842,NA,0.608516456041156,0.617764232366666,NA
"399",12,419.86,664.085791815842,NA,0.608516456041156,0.617377882016085,NA
"400",12,419.86,664.085791815842,0.584238369911869,0.608516456041156,0.617897564950493,0.582796594093094
"401",12,419.86,664.085791815842,NA,0.608516456041156,0.617791238058796,NA
"402",12,419.86,664.085791815842,0.670361631393096,0.608516456041156,0.617581835304884,0.669033370375404
"403",12,419.86,664.085791815842,NA,0.608516456041156,0.617247127206545,NA
"404",12,419.86,664.085791815842,NA,0.608516456041156,0.617506298254486,NA
"405",12,419.86,664.085791815842,NA,0.608516456041156,0.616889257251774,NA
"406",12,419.86,664.085791815842,0.695946717336477,0.608516456041156,0.61719661633469,0.694670780866092
"407",12,419.86,664.085791815842,NA,0.608516456041156,0.617493044632963,NA
"408",12,419.86,664.085791815842,0.667242742715039,0.608516456041156,0.617299203990737,0.665908686195074
"409",12,419.86,664.085791815842,NA,0.608516456041156,0.616684358884323,NA
"410",12,419.86,664.085791815842,NA,0.608516456041156,0.617067313386504,NA
"411",12,419.86,664.085791815842,0.677339859698977,0.608516456041156,0.617203705878575,0.676025024377933
"412",12,419.86,664.085791815842,NA,0.608516456041156,0.617621108156466,NA
"413",12,419.86,664.085791815842,0.675944018642868,0.608516456041156,0.617021335553403,0.67462644706639
"414",12,419.86,664.085791815842,NA,0.608516456041156,0.617226207392778,NA
"415",13,368.46,744.144027348892,NA,0.614300581777917,0.617518070740844,NA
"416",13,368.46,744.144027348892,NA,0.614300581777917,0.617761779479127,NA
"417",13,368.46,744.144027348892,0.578087861966115,0.614300581777917,0.617631555265276,0.576833966401328
"418",13,368.46,744.144027348892,NA,0.614300581777917,0.61754992259892,NA
"419",13,368.46,744.144027348892,NA,0.614300581777917,0.617859444730673,NA
"420",13,368.46,744.144027348892,0.504863047475906,0.614300581777917,0.617750332987428,0.50359782597967
"421",13,368.46,744.144027348892,NA,0.614300581777917,0.617895369149281,NA
"422",13,368.46,744.144027348892,NA,0.614300581777917,0.617772424883897,NA
"423",13,368.46,744.144027348892,0.533696741126141,0.614300581777917,0.617601114305372,0.532428715906072
"424",13,368.46,744.144027348892,NA,0.614300581777917,0.618159747128714,NA
"425",13,368.46,744.144027348892,NA,0.614300581777917,0.617619379572691,NA
"426",13,368.46,744.144027348892,0.56216420323893,0.614300581777917,0.617448132585473,0.560902665924693
"427",13,368.46,744.144027348892,NA,0.614300581777917,0.617702682509196,NA
"428",13,368.46,744.144027348892,NA,0.614300581777917,0.61768514388537,NA
"429",13,368.46,744.144027348892,NA,0.614300581777917,0.617586241659042,NA
"430",13,368.46,744.144027348892,NA,0.614300581777917,0.617858901303252,NA
"431",13,368.46,744.144027348892,0.513614616619088,0.614300581777917,0.61790225151003,0.512347547156265
"432",13,368.46,744.144027348892,NA,0.614300581777917,0.617820599821845,NA
"433",13,368.46,744.144027348892,0.570900221779214,0.614300581777917,0.617400440295407,0.569642520352249
"434",13,368.46,744.144027348892,0.618730513026407,0.614300581777917,0.617678603445684,0.617509178790135
"435",14,365.25,756.415259521446,NA,0.610276157301675,0.614636977805711,NA
"436",14,365.25,756.415259521446,NA,0.610276157301675,0.614766855252963,NA
"437",14,365.25,756.415259521446,0.698326596312533,0.610276157301675,0.614350906981664,0.697205780465908
"438",14,365.25,756.415259521446,NA,0.610276157301675,0.614308980914486,NA
"439",14,365.25,756.415259521446,NA,0.610276157301675,0.614639504322579,NA
"440",14,365.25,756.415259521446,NA,0.610276157301675,0.614363317113512,NA
"441",14,365.25,756.415259521446,NA,0.610276157301675,0.614653057392297,NA
"442",15,382.19,708.062592732871,NA,0.602289078341357,0.610458597980394,NA
"443",15,382.19,708.062592732871,0.693999689759455,0.602289078341357,0.611053071635573,0.692753555491609
"444",15,382.19,708.062592732871,0.651681955932236,0.602289078341357,0.610862907105766,0.650357214948617
"445",15,382.19,708.062592732871,0.617433913449293,0.602289078341357,0.610776307736083,0.616062188646299
"446",15,382.19,708.062592732871,NA,0.602289078341357,0.610980203000238,NA
"447",15,382.19,708.062592732871,NA,0.602289078341357,0.610680351725799,NA
"448",15,382.19,708.062592732871,0.595997430216078,0.602289078341357,0.610879491205295,0.594603864353577
"449",15,382.19,708.062592732871,NA,0.602289078341357,0.610709020855815,NA
"450",15,382.19,708.062592732871,NA,0.602289078341357,0.611138745600681,NA
"451",15,382.19,708.062592732871,0.616165081907407,0.602289078341357,0.611157413080855,0.614791902146271
"452",15,382.19,708.062592732871,NA,0.602289078341357,0.611178746938448,NA
"453",15,382.19,708.062592732871,0.587004257687527,0.602289078341357,0.61065142540054,0.585603262992568
"454",15,382.19,708.062592732871,NA,0.602289078341357,0.61078875524508,NA
"455",15,382.19,708.062592732871,NA,0.602289078341357,0.610803923473802,NA
"456",15,382.19,708.062592732871,NA,0.602289078341357,0.61056023978244,NA
"457",15,382.19,708.062592732871,NA,0.602289078341357,0.610745501313243,NA
"458",15,382.19,708.062592732871,0.63201080969451,0.602289078341357,0.611277566262124,0.630657264335525
"459",15,382.19,708.062592732871,NA,0.602289078341357,0.61092650847303,NA
"460",15,382.19,708.062592732871,0.551928888553315,0.602289078341357,0.610938599933053,0.550508710325216
"461",15,382.19,708.062592732871,NA,0.602289078341357,0.610986660497999,NA
"462",15,382.19,708.062592732871,NA,0.602289078341357,0.611130097413152,NA
"463",16,371.17,738.636430344675,NA,0.607212614033515,0.605447786066683,NA
"464",16,371.17,738.636430344675,0.566712474211371,0.607212614033515,0.605451164710665,0.565390397919528
"465",16,371.17,738.636430344675,0.66107760989014,0.607212614033515,0.60542386842658,0.659852807499042
"466",16,371.17,738.636430344675,NA,0.607212614033515,0.605432440905962,NA
"467",16,371.17,738.636430344675,NA,0.607212614033515,0.605293478108762,NA
"468",16,371.17,738.636430344675,NA,0.607212614033515,0.605377380935176,NA
"469",16,371.17,738.636430344675,NA,0.607212614033515,0.605441833228061,NA
"470",16,371.17,738.636430344675,NA,0.607212614033515,0.605439930974932,NA
"471",16,371.17,738.636430344675,NA,0.607212614033515,0.605396114945466,NA
"472",16,371.17,738.636430344675,NA,0.607212614033515,0.605378979926408,NA
"473",16,371.17,738.636430344675,NA,0.607212614033515,0.605475081307991,NA
"474",16,371.17,738.636430344675,NA,0.607212614033515,0.605392124987695,NA
"475",16,371.17,738.636430344675,0.650333614804056,0.607212614033515,0.605319177606715,0.649092392519815
"476",16,371.17,738.636430344675,0.636358689479747,0.607212614033515,0.605530014891172,0.635098165416726
"477",16,371.17,738.636430344675,NA,0.607212614033515,0.605332809565272,NA
"478",16,371.17,738.636430344675,0.548472205489774,0.607212614033515,0.605432469718172,0.547143538226293
"479",16,371.17,738.636430344675,NA,0.607212614033515,0.605406847566556,NA
"480",16,371.17,738.636430344675,NA,0.607212614033515,0.605394587666427,NA
"481",17,384.15,680.972903410113,0.573068494358184,0.602557509524607,0.597134447386114,0.571627452354239
"482",17,384.15,680.972903410113,0.595298394034528,0.602557509524607,0.597625103744632,0.593874069540178
"483",17,384.15,680.972903410113,NA,0.602557509524607,0.597457163724664,NA
"484",17,384.15,680.972903410113,NA,0.602557509524607,0.597578094182365,NA
"485",17,384.15,680.972903410113,NA,0.602557509524607,0.597006626754841,NA
"486",17,384.15,680.972903410113,0.613010181228106,0.602557509524607,0.596991644291363,0.611603750722647
"487",17,384.15,680.972903410113,0.601105141765151,0.602557509524607,0.596975871744115,0.599686236687
"488",17,384.15,680.972903410113,0.623693956665127,0.602557509524607,0.597665077560889,0.622300282052606
"489",17,384.15,680.972903410113,0.592559178768067,0.602557509524607,0.595870091541127,0.591132449143378
"490",17,384.15,680.972903410113,0.595543715291214,0.602557509524607,0.596486644439181,0.594119610932024
"491",17,384.15,680.972903410113,NA,0.602557509524607,0.596839271141285,NA
"492",17,384.15,680.972903410113,0.632949674791425,0.602557509524607,0.596939501403542,0.631568245033363
"493",17,384.15,680.972903410113,0.660291431512782,0.602557509524607,0.595993527641012,0.658952649239874
"494",17,384.15,680.972903410113,0.593826530003897,0.602557509524607,0.596652704688574,0.592400901098243
"495",17,384.15,680.972903410113,NA,0.602557509524607,0.597207975254759,NA
"496",18,383.95,655.39371557562,0.583312119463725,0.595230673558276,0.600447955079245,0.581762755193473
"497",18,383.95,655.39371557562,NA,0.595230673558276,0.600462645804522,NA
"498",18,383.95,655.39371557562,NA,0.595230673558276,0.60071022781301,NA
"499",18,383.95,655.39371557562,0.679001656477439,0.595230673558276,0.600304948388271,0.677593638105021
"500",18,383.95,655.39371557562,NA,0.595230673558276,0.600009477412349,NA
"501",18,383.95,655.39371557562,0.551911960808879,0.595230673558276,0.600583825829504,0.550343989585935
"502",18,383.95,655.39371557562,NA,0.595230673558276,0.600299716736038,NA
"503",18,383.95,655.39371557562,NA,0.595230673558276,0.600195324452261,NA
"504",18,383.95,655.39371557562,0.561298229505602,0.595230673558276,0.600525092964179,0.559734383378127
"505",18,383.95,655.39371557562,0.555829168923331,0.595230673558276,0.600211563671051,0.554262770283994
"506",18,383.95,655.39371557562,NA,0.595230673558276,0.600374287909613,NA
"507",18,383.95,655.39371557562,0.581473292666513,0.595230673558276,0.600229145886787,0.579922460672302
"508",18,383.95,655.39371557562,0.586663307620588,0.595230673558276,0.600643215869292,0.585116739220371
"509",18,383.95,655.39371557562,NA,0.595230673558276,0.600610496208986,NA
"510",18,383.95,655.39371557562,NA,0.595230673558276,0.600213378561553,NA
"511",18,383.95,655.39371557562,0.654544007829651,0.595230673558276,0.60023873992344,0.653087728060603
"512",18,383.95,655.39371557562,NA,0.595230673558276,0.600429134827542,NA
"513",18,383.95,655.39371557562,NA,0.595230673558276,0.600576602883081,NA
"514",18,383.95,655.39371557562,NA,0.595230673558276,0.600541262227346,NA
"515",18,383.95,655.39371557562,0.644949706744712,0.595230673558276,0.600422902261549,0.643476771377565
"516",18,383.95,655.39371557562,NA,0.595230673558276,0.600066316537447,NA
"517",18,383.95,655.39371557562,0.634294787928421,0.595230673558276,0.60039214922568,0.632804858656045
"518",18,383.95,655.39371557562,0.594103327949555,0.595230673558276,0.600670556005073,0.592563525308116
"519",19,367,684.238030573305,NA,0.605944732677625,0.60220893505839,NA
"520",19,367,684.238030573305,0.630496633845856,0.605944732677625,0.602837670987089,0.629159696670147
"521",19,367,684.238030573305,NA,0.605944732677625,0.603127954489041,NA
"522",19,367,684.238030573305,0.647706302131614,0.605944732677625,0.60246329050898,0.646393603913739
"523",19,367,684.238030573305,NA,0.605944732677625,0.602582958409045,NA
"524",19,367,684.238030573305,NA,0.605944732677625,0.603058065423194,NA
"525",19,367,684.238030573305,NA,0.605944732677625,0.603506799286602,NA
"526",19,367,684.238030573305,0.590766370021582,0.605944732677625,0.602487400523365,0.589387628289033
"527",19,367,684.238030573305,NA,0.605944732677625,0.602768049603108,NA
"528",19,367,684.238030573305,NA,0.605944732677625,0.602294811703245,NA
"529",19,367,684.238030573305,NA,0.605944732677625,0.602604835128568,NA
"530",19,367,684.238030573305,NA,0.605944732677625,0.603358907876049,NA
"531",20,376.77,606.397204773723,NA,0.605393716710637,0.608072038657046,NA
"532",20,376.77,606.397204773723,NA,0.605393716710637,0.608328703200876,NA
"533",20,376.77,606.397204773723,NA,0.605393716710637,0.608325798170139,NA
"534",20,376.77,606.397204773723,0.712888297964736,0.605393716710637,0.608406697579504,0.711584883001858
"535",20,376.77,606.397204773723,0.747880012964371,0.605393716710637,0.608438802705639,0.746674844984029
"536",20,376.77,606.397204773723,NA,0.605393716710637,0.608327779433217,NA
"537",20,376.77,606.397204773723,NA,0.605393716710637,0.607995152829636,NA
"538",20,376.77,606.397204773723,NA,0.605393716710637,0.608380280623458,NA
"539",20,376.77,606.397204773723,NA,0.605393716710637,0.608269676624474,NA
"540",20,376.77,606.397204773723,0.611758069727263,0.605393716710637,0.608320825902322,0.610265029109482
"541",20,376.77,606.397204773723,NA,0.605393716710637,0.608248956199783,NA
"542",20,376.77,606.397204773723,NA,0.605393716710637,0.607995663015778,NA
"543",20,376.77,606.397204773723,NA,0.605393716710637,0.608249195183649,NA
"544",20,376.77,606.397204773723,NA,0.605393716710637,0.608366562072045,NA
"545",20,376.77,606.397204773723,0.628379548745961,0.605393716710637,0.608081060277032,0.626908058111028
"546",20,376.77,606.397204773723,0.610162155422075,0.605393716710637,0.608280394590616,0.608667244576623
"547",20,376.77,606.397204773723,0.596295364606258,0.605393716710637,0.608170103247753,0.594785670041911
"548",20,376.77,606.397204773723,0.67003506687341,0.605393716710637,0.608151893242376,0.668634197491041
"549",20,376.77,606.397204773723,NA,0.605393716710637,0.60807522101482,NA
"550",20,376.77,606.397204773723,NA,0.605393716710637,0.608080578186009,NA
"551",20,376.77,606.397204773723,0.653788897703575,0.605393716710637,0.608103066515578,0.652357659097466
"552",20,376.77,606.397204773723,0.645711768905775,0.605393716710637,0.608208842543715,0.644266776733896
"553",20,376.77,606.397204773723,NA,0.605393716710637,0.608045315984754,NA
"554",21,400.52,509.395250433613,0.595098411911577,0.580602271669599,0.593932273821907,0.593065165360039
"555",21,400.52,509.395250433613,0.649362095368,0.580602271669599,0.593608721791057,0.647427839128372
"556",21,400.52,509.395250433613,0.661381518421198,0.580602271669599,0.5937239690629,0.659476430915197
"557",21,400.52,509.395250433613,NA,0.580602271669599,0.593920483415531,NA
"558",21,400.52,509.395250433613,NA,0.580602271669599,0.594302913725449,NA
"559",21,400.52,509.395250433613,NA,0.580602271669599,0.593580077269393,NA
"560",21,400.52,509.395250433613,NA,0.580602271669599,0.594259398824266,NA
"561",21,400.52,509.395250433613,NA,0.580602271669599,0.593975781465632,NA
"562",21,400.52,509.395250433613,NA,0.580602271669599,0.594249296383489,NA
"563",21,400.52,509.395250433613,0.55828342522578,0.580602271669599,0.594190614013298,0.556213471943868
"564",21,400.52,509.395250433613,NA,0.580602271669599,0.594040542485745,NA
"565",21,400.52,509.395250433613,0.612242041080607,0.580602271669599,0.593686860781511,0.610234286293369
"566",21,400.52,509.395250433613,0.572372125050986,0.580602271669599,0.593616954327828,0.570313313124999
"567",21,400.52,509.395250433613,0.631817731798307,0.580602271669599,0.59386799476105,0.629845615567753
"568",21,400.52,509.395250433613,0.647106697476037,0.580602271669599,0.593919601142988,0.645167260651095
"569",21,400.52,509.395250433613,NA,0.580602271669599,0.594051267066678,NA
"570",21,400.52,509.395250433613,0.591540606754574,0.580602271669599,0.593811035116169,0.589502738804468
"571",21,400.52,509.395250433613,0.572249571591923,0.580602271669599,0.59392467856083,0.570190647219686
"572",21,400.52,509.395250433613,NA,0.580602271669599,0.593757383831411,NA
"573",21,400.52,509.395250433613,0.556650598335413,0.580602271669599,0.594032800565175,0.554579586711274
"574",21,400.52,509.395250433613,0.556079140601596,0.580602271669599,0.593179213954307,0.554007770004882
"575",21,400.52,509.395250433613,NA,0.580602271669599,0.593458505091015,NA
"576",21,400.52,509.395250433613,NA,0.580602271669599,0.593630611172468,NA
"577",22,370.36,516.785390722173,0.550825379756293,0.575749256592015,0.590505406099487,0.548706223799908
"578",22,370.36,516.785390722173,0.645274155778847,0.575749256592015,0.590319633490404,0.643288910209314
"579",22,370.36,516.785390722173,NA,0.575749256592015,0.590811746941964,NA
"580",22,370.36,516.785390722173,NA,0.575749256592015,0.59117498540477,NA
"581",22,370.36,516.785390722173,NA,0.575749256592015,0.590711306552172,NA
"582",22,370.36,516.785390722173,NA,0.575749256592015,0.590542447256647,NA
"583",22,370.36,516.785390722173,0.532062702844855,0.575749256592015,0.59068449804663,0.529936620804513
"584",22,370.36,516.785390722173,NA,0.575749256592015,0.590650929064486,NA
"585",22,370.36,516.785390722173,0.576142254853164,0.575749256592015,0.590279612982023,0.574042774805535
"586",22,370.36,516.785390722173,0.572342668425897,0.575749256592015,0.591055895072392,0.570239478290802
"587",22,370.36,516.785390722173,NA,0.575749256592015,0.590974483845245,NA
"588",22,370.36,516.785390722173,NA,0.575749256592015,0.590187640484008,NA
"589",22,370.36,516.785390722173,0.580841671964218,0.575749256592015,0.59129533613392,0.57874715060736
"590",23,350.54,526.908580330492,0.467259360666774,0.574262044313018,0.586748436464176,0.465170432608004
"591",23,350.54,526.908580330492,0.507407847084613,0.574262044313018,0.587145151204698,0.505293647255308
"592",23,350.54,526.908580330492,0.57013173147378,0.574262044313018,0.586864748825186,0.568037422249155
"593",23,350.54,526.908580330492,NA,0.574262044313018,0.586996409451072,NA
"594",23,350.54,526.908580330492,NA,0.574262044313018,0.58639140009673,NA
"595",23,350.54,526.908580330492,0.606437121671692,0.574262044313018,0.586601512528411,0.604387449604654
"596",23,350.54,526.908580330492,NA,0.574262044313018,0.587092261729494,NA
"597",23,350.54,526.908580330492,0.529407991528234,0.574262044313018,0.586932279496576,0.527292519724715
"598",23,350.54,526.908580330492,0.559963386545992,0.574262044313018,0.587108183103423,0.557860931340656
"599",23,350.54,526.908580330492,NA,0.574262044313018,0.586950643935541,NA
"600",23,350.54,526.908580330492,NA,0.574262044313018,0.586775691851757,NA
"601",23,350.54,526.908580330492,0.517223419480311,0.574262044313018,0.586439669556074,0.515107551578499
"602",23,350.54,526.908580330492,0.600422531253071,0.574262044313018,0.586885168149614,0.598363784337408
"603",23,350.54,526.908580330492,NA,0.574262044313018,0.586662613984416,NA
"604",23,350.54,526.908580330492,NA,0.574262044313018,0.587092361004039,NA
"605",23,350.54,526.908580330492,NA,0.574262044313018,0.586712004434362,NA
"606",23,350.54,526.908580330492,NA,0.574262044313018,0.586911300298861,NA
"607",23,350.54,526.908580330492,0.585128293686495,0.574262044313018,0.586960345174046,0.583049476330385
"608",23,350.54,526.908580330492,0.535360365105575,0.574262044313018,0.586118514694726,0.533246080507941
"609",23,350.54,526.908580330492,NA,0.574262044313018,0.586533884667014,NA
"610",23,350.54,526.908580330492,0.510054722910855,0.574262044313018,0.586977681105114,0.507939898690328
"611",23,350.54,526.908580330492,0.518771545922045,0.574262044313018,0.586396804535279,0.516655576802641
"612",24,337.67,543.69509750054,NA,0.575958748682044,0.583989675395084,NA
"613",24,337.67,543.69509750054,NA,0.575958748682044,0.585077921134638,NA
"614",24,337.67,543.69509750054,0.554185799994211,0.575958748682044,0.58454166664134,0.552150522384122
"615",24,337.67,543.69509750054,0.617915843746533,0.575958748682044,0.5847407120073,0.615953441890565
"616",24,337.67,543.69509750054,0.571416510761097,0.575958748682044,0.584630029686937,0.569393788609644
"617",24,337.67,543.69509750054,NA,0.575958748682044,0.584376028487063,NA
"618",24,337.67,543.69509750054,NA,0.575958748682044,0.584845546544426,NA
"619",24,337.67,543.69509750054,NA,0.575958748682044,0.584416702397381,NA
"620",24,337.67,543.69509750054,NA,0.575958748682044,0.584499790993413,NA
"621",24,337.67,543.69509750054,NA,0.575958748682044,0.584617836761275,NA
"622",24,337.67,543.69509750054,NA,0.575958748682044,0.585046169491871,NA
"623",24,337.67,543.69509750054,NA,0.575958748682044,0.584744670049661,NA
"624",24,337.67,543.69509750054,0.554226613418142,0.575958748682044,0.584296959117468,0.552191359291951
"625",24,337.67,543.69509750054,NA,0.575958748682044,0.584561405275194,NA
"626",24,337.67,543.69509750054,NA,0.575958748682044,0.584807233281152,NA
"627",24,337.67,543.69509750054,0.610506301364071,0.575958748682044,0.583821272610955,0.608531702361365
"628",24,337.67,543.69509750054,0.615254641053138,0.575958748682044,0.584070168385918,0.613287745649792
"629",24,337.67,543.69509750054,0.580405269066066,0.575958748682044,0.58481659568511,0.578391198629466
"630",24,337.67,543.69509750054,NA,0.575958748682044,0.584129084263072,NA
"631",24,337.67,543.69509750054,0.566474424627551,0.575958748682044,0.584559499981576,0.564447559776971
"632",25,316.03,571.456357927245,0.624477910608691,0.569480413783033,0.575072183904229,0.622517766990428
"633",25,316.03,571.456357927245,0.626198219123198,0.569480413783033,0.575228057065329,0.624241265502913
"634",25,316.03,571.456357927245,NA,0.569480413783033,0.574745255848232,NA
"635",25,316.03,571.456357927245,0.512364760523417,0.569480413783033,0.575094972853819,0.510311124904041
"636",25,316.03,571.456357927245,0.539385609281364,0.569480413783033,0.575209341398226,0.537333911806872
"637",25,316.03,571.456357927245,0.638326513335868,0.569480413783033,0.575086127547398,0.636393556723833
"638",25,316.03,571.456357927245,NA,0.569480413783033,0.575261944680708,NA
"639",25,316.03,571.456357927245,NA,0.569480413783033,0.574840734656392,NA
"640",25,316.03,571.456357927245,0.612562710201944,0.569480413783033,0.575153474385198,0.610581929716395
"641",25,316.03,571.456357927245,NA,0.569480413783033,0.575007467026587,NA
"642",25,316.03,571.456357927245,NA,0.569480413783033,0.575092272944468,NA
"643",25,316.03,571.456357927245,0.619522614262478,0.569480413783033,0.575207173109676,0.617553578764148
"644",25,316.03,571.456357927245,0.537346556252754,0.569480413783033,0.575190821017545,0.535294256610066
"645",25,316.03,571.456357927245,0.52450533131903,0.569480413783033,0.574728759364214,0.522450949818649
"646",25,316.03,571.456357927245,0.589080760671012,0.569480413783033,0.575027357360308,0.587066765041202
"647",25,316.03,571.456357927245,NA,0.569480413783033,0.575403738993208,NA
"648",25,316.03,571.456357927245,NA,0.569480413783033,0.57496489109117,NA
"649",25,316.03,571.456357927245,NA,0.569480413783033,0.574738564004438,NA
"650",25,316.03,571.456357927245,0.571385342369727,0.569480413783033,0.575076204885026,0.569352848876453
"651",25,316.03,571.456357927245,NA,0.569480413783033,0.575231727483371,NA
"652",25,316.03,571.456357927245,NA,0.569480413783033,0.575099407073123,NA
"653",25,316.03,571.456357927245,NA,0.569480413783033,0.575587590735033,NA
"654",25,316.03,571.456357927245,0.522345559725548,0.569480413783033,0.575133070956899,0.520291118035996
"655",25,316.03,571.456357927245,NA,0.569480413783033,0.574940669218774,NA
"656",26,263.23,572.295926912649,NA,0.572007992440726,0.579162628624149,NA
"657",26,263.23,572.295926912649,NA,0.572007992440726,0.578599841287415,NA
"658",26,263.23,572.295926912649,0.586333265503898,0.572007992440726,0.578925627714679,0.584352978405484
"659",26,263.23,572.295926912649,0.560473686255676,0.572007992440726,0.579556682215239,0.558470042688906
"660",26,263.23,572.295926912649,0.517937849581537,0.572007992440726,0.579056339443801,0.51592138669635
"661",26,263.23,572.295926912649,0.639383050300415,0.572007992440726,0.579092142197728,0.63748755199896
"662",26,263.23,572.295926912649,NA,0.572007992440726,0.579063347938251,NA
"663",26,263.23,572.295926912649,NA,0.572007992440726,0.57912917765545,NA
"664",26,263.23,572.295926912649,NA,0.572007992440726,0.578621272903664,NA
"665",26,263.23,572.295926912649,0.565291722412332,0.572007992440726,0.578744503908886,0.563291538086107
"666",26,263.23,572.295926912649,0.524090328157935,0.572007992440726,0.578889351478819,0.522073750877492
"667",26,263.23,572.295926912649,NA,0.572007992440726,0.579764764916209,NA
"668",26,263.23,572.295926912649,0.557534440957899,0.572007992440726,0.579286138894004,0.555528887739733
"669",26,263.23,572.295926912649,NA,0.572007992440726,0.578844230068449,NA
"670",26,263.23,572.295926912649,0.553248820288312,0.572007992440726,0.578924179932848,0.551240755134172
"671",26,263.23,572.295926912649,NA,0.572007992440726,0.579221631178806,NA
"672",26,263.23,572.295926912649,0.594837910577456,0.572007992440726,0.578934446593762,0.592867878268827
"673",26,263.23,572.295926912649,NA,0.572007992440726,0.578630012782083,NA
"674",26,263.23,572.295926912649,0.527962069551087,0.572007992440726,0.579523458239277,0.525945761505981
"675",26,263.23,572.295926912649,0.533628398465559,0.572007992440726,0.578959199614812,0.531612959679962
"676",26,263.23,572.295926912649,NA,0.572007992440726,0.57902686098028,NA
"677",26,263.23,572.295926912649,NA,0.572007992440726,0.578867928571032,NA
"678",26,263.23,572.295926912649,0.569008123946287,0.572007992440726,0.578476405343859,0.567010887074251
"679",26,263.23,572.295926912649,NA,0.572007992440726,0.578905674499729,NA
"680",26,263.23,572.295926912649,0.528043588006305,0.572007992440726,0.578883322869143,0.526027288463437
"681",26,263.23,572.295926912649,NA,0.572007992440726,0.579570364323591,NA
"682",26,263.23,572.295926912649,NA,0.572007992440726,0.578929152815571,NA
"683",27,227.09,609.079977081103,NA,0.573257268142651,0.57876284289709,NA
"684",27,227.09,609.079977081103,0.455004752842783,0.573257268142651,0.578887479988369,0.453135251408585
"685",27,227.09,609.079977081103,NA,0.573257268142651,0.578844362685559,NA
"686",27,227.09,609.079977081103,0.497933092186381,0.573257268142651,0.578830544726796,0.496030513324217
"687",27,227.09,609.079977081103,0.578756427927984,0.573257268142651,0.578639896645127,0.576874966116916
"688",27,227.09,609.079977081103,NA,0.573257268142651,0.57891222690297,NA
"689",27,227.09,609.079977081103,0.490446470279363,0.573257268142651,0.578387955107505,0.488547449380405
"690",27,227.09,609.079977081103,0.510023435895488,0.573257268142651,0.578838105472838,0.508117084098273
"691",27,227.09,609.079977081103,0.47861197662676,0.573257268142651,0.578792153203525,0.476720485412365
"692",27,227.09,609.079977081103,NA,0.573257268142651,0.578678745638918,NA
"693",27,227.09,609.079977081103,0.502043797159091,0.573257268142651,0.578523945594659,0.500139662060466
"694",27,227.09,609.079977081103,NA,0.573257268142651,0.578754475810414,NA
"695",27,227.09,609.079977081103,NA,0.573257268142651,0.578681568635607,NA
"696",27,227.09,609.079977081103,NA,0.573257268142651,0.578757594976912,NA
"697",27,227.09,609.079977081103,NA,0.573257268142651,0.578840086448343,NA
"698",27,227.09,609.079977081103,NA,0.573257268142651,0.57847618493376,NA
"699",27,227.09,609.079977081103,NA,0.573257268142651,0.578858761005403,NA
"700",27,227.09,609.079977081103,0.448427366478642,0.573257268142651,0.57890561759733,0.446565645044756
"701",27,227.09,609.079977081103,NA,0.573257268142651,0.578506869660382,NA
"702",28,200.2,630.526124090341,NA,0.571239458367717,0.567066448325668,NA
"703",28,200.2,630.526124090341,NA,0.571239458367717,0.567039022233586,NA
"704",28,200.2,630.526124090341,0.427758219238774,0.571239458367717,0.567579721539549,0.425957372944702
"705",28,200.2,630.526124090341,0.477333613224555,0.571239458367717,0.567366284757128,0.475475594585734
"706",28,200.2,630.526124090341,NA,0.571239458367717,0.567035139626563,NA
"707",28,200.2,630.526124090341,0.521083847385683,0.571239458367717,0.567559716139371,0.519208835284274
"708",28,200.2,630.526124090341,0.54468792123523,0.571239458367717,0.568367645911407,0.542816782337772
"709",28,200.2,630.526124090341,0.525199292417658,0.571239458367717,0.566856178804211,0.523324297443105
"710",28,200.2,630.526124090341,NA,0.571239458367717,0.567836828703596,NA
"711",28,200.2,630.526124090341,NA,0.571239458367717,0.567638536690371,NA
"712",28,200.2,630.526124090341,0.485262546531229,0.571239458367717,0.566998411334008,0.483399119404973
"713",28,200.2,630.526124090341,NA,0.571239458367717,0.567244558194313,NA
"714",28,200.2,630.526124090341,NA,0.571239458367717,0.568154570125146,NA
"715",28,200.2,630.526124090341,0.504915554447225,0.571239458367717,0.567971656290859,0.503043165454802
"716",29,175.71,676.803275755319,NA,0.581407754358154,0.564150688676432,NA
"717",29,175.71,676.803275755319,0.476414889278927,0.581407754358154,0.56390560797087,0.474771008336723
"718",29,175.71,676.803275755319,0.493127942897327,0.581407754358154,0.563555607021659,0.491474397183025
"719",29,175.71,676.803275755319,NA,0.581407754358154,0.56336461893404,NA
"720",29,175.71,676.803275755319,NA,0.581407754358154,0.563186036484711,NA
"721",29,175.71,676.803275755319,0.482512912875277,0.581407754358154,0.564022602850016,0.480865032579642
"722",29,175.71,676.803275755319,NA,0.581407754358154,0.564076524636297,NA
"723",29,175.71,676.803275755319,NA,0.581407754358154,0.563828693664517,NA
"724",29,175.71,676.803275755319,NA,0.581407754358154,0.563635021717834,NA
"725",29,175.71,676.803275755319,NA,0.581407754358154,0.563439592101105,NA
"726",29,175.71,676.803275755319,0.507534416960956,0.581407754358154,0.563528496400758,0.505875816949686
"727",30,155.12,696.12897773661,0.544310892367232,0.588307024309219,0.56429065592852,0.542765498219474
"728",30,155.12,696.12897773661,NA,0.588307024309219,0.564276679789766,NA
"729",30,155.12,696.12897773661,NA,0.588307024309219,0.564079643831568,NA
"730",30,155.12,696.12897773661,0.530163855871253,0.588307024309219,0.564176678497088,0.528616129775469
"731",30,155.12,696.12897773661,NA,0.588307024309219,0.564150783184928,NA
"732",30,155.12,696.12897773661,NA,0.588307024309219,0.564180719678739,NA
"733",30,155.12,696.12897773661,0.530856703752278,0.588307024309219,0.564094445503084,0.529309028053863
"734",30,155.12,696.12897773661,0.520833141736256,0.588307024309219,0.564249481478353,0.519285377040747
"735",30,155.12,696.12897773661,0.56622401378883,0.588307024309219,0.564274299028261,0.564687642072182
"736",30,155.12,696.12897773661,NA,0.588307024309219,0.564302983202058,NA
"737",30,155.12,696.12897773661,NA,0.588307024309219,0.564325667408677,NA
"738",30,155.12,696.12897773661,NA,0.588307024309219,0.564092271336912,NA
"739",30,155.12,696.12897773661,NA,0.588307024309219,0.564190896551108,NA
"740",30,155.12,696.12897773661,NA,0.588307024309219,0.564258149328673,NA
"741",30,155.12,696.12897773661,NA,0.588307024309219,0.564192549852755,NA
"742",30,155.12,696.12897773661,0.592698853421112,0.588307024309219,0.564345008838041,0.591182157418795
"743",30,155.12,696.12897773661,NA,0.588307024309219,0.564166573590266,NA
"744",30,155.12,696.12897773661,0.514845865744939,0.588307024309219,0.56419121847164,0.51329870390847
"745",30,155.12,696.12897773661,NA,0.588307024309219,0.56410811351371,NA
"746",30,155.12,696.12897773661,0.5451265905736,0.588307024309219,0.564128529576315,0.543581414437435
"747",30,155.12,696.12897773661,NA,0.588307024309219,0.564320912685253,NA
"748",31,151.04,705.909458793391,NA,0.589692538519669,0.566011651781015,NA
"749",31,151.04,705.909458793391,0.517845293660829,0.589692538519669,0.56604300538751,0.516333371471409
"750",31,151.04,705.909458793391,0.528845162198634,0.589692538519669,0.566073129291696,0.527332923685496
"751",31,151.04,705.909458793391,0.518985737701201,0.589692538519669,0.566051184900898,0.517473707437875
"752",31,151.04,705.909458793391,0.500014010877938,0.589692538519669,0.566133915271724,0.498506042842807
"753",31,151.04,705.909458793391,NA,0.589692538519669,0.565971326457056,NA
"754",31,151.04,705.909458793391,0.534102805962678,0.589692538519669,0.566058996617523,0.532590988566554
"755",31,151.04,705.909458793391,NA,0.589692538519669,0.566036847766187,NA
"756",31,151.04,705.909458793391,NA,0.589692538519669,0.566032475521497,NA
"757",31,151.04,705.909458793391,NA,0.589692538519669,0.566201044896243,NA
"758",31,151.04,705.909458793391,NA,0.589692538519669,0.566051231755543,NA
"759",31,151.04,705.909458793391,NA,0.589692538519669,0.566043236923168,NA
"760",31,151.04,705.909458793391,NA,0.589692538519669,0.565992192349868,NA
"761",31,151.04,705.909458793391,NA,0.589692538519669,0.566107419870711,NA
"762",31,151.04,705.909458793391,NA,0.589692538519669,0.565856629778805,NA
"763",31,151.04,705.909458793391,0.535733365732364,0.589692538519669,0.566100376180588,0.534221754148871
"764",32,145.05,705.221967273229,0.488357235065894,0.590237282356244,0.564086842606574,0.486859398944595
"765",32,145.05,705.221967273229,0.475266328024483,0.590237282356244,0.563960360431894,0.473776128430239
"766",32,145.05,705.221967273229,NA,0.590237282356244,0.563920322784503,NA
"767",32,145.05,705.221967273229,0.480591089766404,0.590237282356244,0.564034008290341,0.47909750827216
"768",32,145.05,705.221967273229,NA,0.590237282356244,0.564002292079381,NA
"769",32,145.05,705.221967273229,NA,0.590237282356244,0.564044536740365,NA
"770",32,145.05,705.221967273229,NA,0.590237282356244,0.563944694754443,NA
"771",32,145.05,705.221967273229,0.496492582937512,0.590237282356244,0.563945935059957,0.494991152587443
"772",32,145.05,705.221967273229,0.553696738188089,0.590237282356244,0.563907178913838,0.552194971721113
"773",32,145.05,705.221967273229,NA,0.590237282356244,0.563958021648601,NA
"774",32,145.05,705.221967273229,0.495678898083214,0.590237282356244,0.56400031912281,0.494177787490639
"775",32,145.05,705.221967273229,NA,0.590237282356244,0.564033938320413,NA
"776",32,145.05,705.221967273229,NA,0.590237282356244,0.564195032785703,NA
"777",32,145.05,705.221967273229,NA,0.590237282356244,0.563962905073697,NA
"778",32,145.05,705.221967273229,0.459056961212169,0.590237282356244,0.563949228740699,0.457579383505896
"779",33,145.18,705.478788930676,NA,0.590123411755194,0.564310749378991,NA
"780",33,145.18,705.478788930676,0.504716670758883,0.590123411755194,0.564232140943969,0.503212848620333
"781",33,145.18,705.478788930676,0.517745560828384,0.590123411755194,0.564292215175465,0.516239251249495
"782",33,145.18,705.478788930676,NA,0.590123411755194,0.564280131680303,NA
"783",33,145.18,705.478788930676,0.488442572726627,0.590123411755194,0.56428945658886,0.486945037941984
"784",33,145.18,705.478788930676,NA,0.590123411755194,0.564316785271894,NA
"785",33,145.18,705.478788930676,NA,0.590123411755194,0.564242914303597,NA
"786",33,145.18,705.478788930676,NA,0.590123411755194,0.564394920615162,NA
"787",33,145.18,705.478788930676,NA,0.590123411755194,0.564430002301861,NA
"788",33,145.18,705.478788930676,NA,0.590123411755194,0.564391043532986,NA
"789",33,145.18,705.478788930676,0.567823387136306,0.590123411755194,0.564287591780826,0.5663286039309
"790",33,145.18,705.478788930676,NA,0.590123411755194,0.564322190130975,NA
"791",33,145.18,705.478788930676,NA,0.590123411755194,0.564344991581123,NA
"792",33,145.18,705.478788930676,NA,0.590123411755194,0.564503095191929,NA
"793",33,145.18,705.478788930676,0.51452825881665,0.590123411755194,0.564281574688417,0.513022352918005
"794",33,145.18,705.478788930676,NA,0.590123411755194,0.56432826750554,NA
