,frunoff_old,ftem_old,number,d15N.14N,SAMPLE.ID,Mycorrhizal.type,Nitrogen.fix,frunoff,ftmean,ftemp_new,frunoff_new,MAP..mm.,Ninput
382,0.688351438,0.262606376,1,NA,1,AM,non-N fixers,0.083153891,0.259689787,0.259689787,0.083153891,398.38,-4.4
383,0.688351438,0.262606376,2,-2.863,2,AM,non-N fixers,0.075444517,0.270520779,0.259689787,0.083153891,380.18,-4.4
384,0.688351438,0.262606376,3,-3.057,3,AM,non-N fixers,0.221790801,0.292315371,0.259689787,0.083153891,555.22,-4.4
385,0.688351438,0.262606376,4,NA,4,AM,non-N fixers,0.238123396,0.270004001,0.259689787,0.083153891,582.84,-4.4
386,0.688351438,0.262606376,5,NA,5,AM,N fixers,0.244382717,0.258850928,0.259689787,0.083153891,568.01,-4.4
387,0.688351438,0.262606376,6,-2.167,6,AM,N fixers,0.229746557,0.269639074,0.259689787,0.083153891,568.96,-4.4
388,0.688351438,0.262606376,7,-2.518,7,NM,non-N fixers,0.228644041,0.284790858,0.259689787,0.083153891,554.73,-3.82
389,0.688351438,0.262606376,8,NA,8,AM,non-N fixers,0.301681784,0.252947761,0.259689787,0.083153891,635.3,-4.4
390,0.688351438,0.262606376,9,NA,9,AM,non-N fixers,0.3821183,0.283520435,0.259689787,0.083153891,709.95,-4.4
391,0.688351438,0.262606376,10,-2.984,10,AM,N fixers,0.287074769,0.316500802,0.259689787,0.083153891,621.93,-4.4
392,0.688351438,0.262606376,11,NA,11,AM,non-N fixers,0.103777822,0.330495592,0.259689787,0.083153891,418.94,-4.4
393,0.688351438,0.262606376,12,NA,12,AM,non-N fixers,0.103288303,0.330609785,0.259689787,0.083153891,419.86,-4.4
394,0.688351438,0.262606376,13,NA,13,AM,non-N fixers,0.070080933,0.343962486,0.259689787,0.083153891,368.46,-4.4
395,0.688351438,0.262606376,14,NA,14,AM,non-N fixers,0.068500357,0.344767954,0.259689787,0.083153891,365.25,-4.4
396,0.688351438,0.262606376,15,-1.772,15,AM,non-N fixers,0.076888882,0.31783201,0.259689787,0.083153891,382.19,-4.4
397,0.688351438,0.262606376,16,-2.961,17,AM,non-N fixers,0.071404853,0.332217196,0.259689787,0.083153891,371.17,-4.4
290,0.676393386,0.273559011,17,-0.611,20,AM,non-N fixers,0.076794955,0.306167706,0.270520779,0.075444517,384.15,-4.4
291,0.676393386,0.273559011,18,NA,22,AM,non-N fixers,0.075976391,0.299283306,0.270520779,0.075444517,383.95,-4.4
292,0.676393386,0.273559011,19,-1.64,23,AM,non-N fixers,0.0675192,0.319695475,0.270520779,0.075444517,367,-4.4
293,0.676393386,0.273559011,20,-2.845,24,AM,non-N fixers,0.071842668,0.296411645,0.270520779,0.075444517,376.77,-4.4
294,0.676393386,0.273559011,21,NA,25,AM,non-N fixers,0.082249289,0.249246249,0.270520779,0.075444517,400.52,-4.4
295,0.676393386,0.273559011,22,-1.918,26,AM,non-N fixers,0.065139543,0.257856735,0.270520779,0.075444517,370.36,-4.4
296,0.676393386,0.273559011,23,-0.961,28,AM,N fixers,0.055302827,0.265716397,0.270520779,0.075444517,350.54,-4.4
297,0.676393386,0.273559011,24,-1.654,29,AM,N fixers,0.049879373,0.277792524,0.270520779,0.075444517,337.67,-4.4
298,0.676393386,0.273559011,25,NA,30,AM,N fixers,0.040596961,0.284785811,0.270520779,0.075444517,316.03,-4.4
299,0.676393386,0.273559011,26,-2.413,31,NM,non-N fixers,0.022787755,0.300488939,0.270520779,0.075444517,263.23,-3.82
300,0.676393386,0.273559011,27,NA,32,AM,non-N fixers,0.014373157,0.318939085,0.270520779,0.075444517,227.09,-4.4
301,0.676393386,0.273559011,28,NA,33,AM,non-N fixers,0.009711629,0.333702809,0.270520779,0.075444517,200.2,-4.4
302,0.676393386,0.273559011,29,NA,34,AM,non-N fixers,0.006540306,0.364128563,0.270520779,0.075444517,175.71,-4.4
303,0.676393386,0.273559011,30,NA,35,AM,non-N fixers,0.004464055,0.383488922,0.270520779,0.075444517,155.12,-4.4
304,0.676393386,0.273559011,31,NA,36,AM,non-N fixers,0.004010199,0.3918905,0.270520779,0.075444517,151.04,-4.4
305,0.676393386,0.273559011,32,NA,37,AM,non-N fixers,0.003526994,0.404745088,0.270520779,0.075444517,145.05,-4.4
306,0.676393386,0.273559011,33,NA,38,AM,N fixers,0.00352883,0.414558374,0.270520779,0.075444517,145.18,-4.4
307,0.676393386,0.273559011,34,NA,39,NM,non-N fixers,NA,NA,0.270520779,0.075444517,NA,-3.82
308,0.676393386,0.273559011,35,-0.94,40,AM,non-N fixers,NA,NA,0.270520779,0.075444517,NA,-4.4
309,0.676393386,0.273559011,36,-1.824,41,AM,N fixers,NA,NA,0.270520779,0.075444517,NA,-4.4
310,0.676393386,0.273559011,37,0.068,42,AM,N fixers,NA,NA,0.270520779,0.075444517,NA,-4.4
311,0.676393386,0.273559011,38,NA,43,AM,N fixers,NA,NA,0.270520779,0.075444517,NA,-4.4
312,0.676393386,0.273559011,39,NA,44,AM,non-N fixers,NA,NA,0.270520779,0.075444517,NA,-4.4
313,0.676393386,0.273559011,40,NA,46,AM,non-N fixers,NA,NA,0.270520779,0.075444517,NA,-4.4
314,0.676393386,0.273559011,41,NA,47,AM,non-N fixers,NA,NA,0.270520779,0.075444517,NA,-4.4
315,0.676393386,0.273559011,42,NA,48,AM,non-N fixers,NA,NA,0.270520779,0.075444517,NA,-4.4
316,0.676393386,0.273559011,43,-3.478,49,AM,non-N fixers,NA,NA,0.270520779,0.075444517,NA,-4.4
317,0.676393386,0.273559011,44,NA,50,AM,non-N fixers,NA,NA,0.270520779,0.075444517,NA,-4.4
318,0.676393386,0.273559011,45,-0.821,51,AM,non-N fixers,NA,NA,0.270520779,0.075444517,NA,-4.4
319,0.676393386,0.273559011,46,-1.828,52,AM,non-N fixers,NA,NA,0.270520779,0.075444517,NA,-4.4
320,0.676393386,0.273559011,47,NA,53,AM,non-N fixers,NA,NA,0.270520779,0.075444517,NA,-4.4
321,0.676393386,0.273559011,48,NA,54,AM,non-N fixers,NA,NA,0.270520779,0.075444517,NA,-4.4
322,0.676393386,0.273559011,49,NA,55,AM,non-N fixers,NA,NA,0.270520779,0.075444517,NA,-4.4
323,0.676393386,0.273559011,50,NA,56,AM,non-N fixers,NA,NA,0.270520779,0.075444517,NA,-4.4
324,0.676393386,0.273559011,51,NA,57,NM,non-N fixers,NA,NA,0.270520779,0.075444517,NA,-3.82
492,0.769606948,0.295598379,52,-4.025,63,AM,non-N fixers,NA,NA,0.292315371,0.221790801,NA,-4.4
493,0.769606948,0.295598379,53,NA,64,NM,non-N fixers,NA,NA,0.292315371,0.221790801,NA,-3.82
494,0.769606948,0.295598379,54,-2.58,65,ECM,non-N fixers,NA,NA,0.292315371,0.221790801,NA,-6.14
495,0.769606948,0.295598379,55,-3.585,66,NM,non-N fixers,NA,NA,0.292315371,0.221790801,NA,-3.82
496,0.769606948,0.295598379,56,NA,67,AM,non-N fixers,NA,NA,0.292315371,0.221790801,NA,-4.4
497,0.769606948,0.295598379,57,-2.835,68,ECM,non-N fixers,NA,NA,0.292315371,0.221790801,NA,-6.14
498,0.769606948,0.295598379,58,NA,69,AM,non-N fixers,NA,NA,0.292315371,0.221790801,NA,-4.4
499,0.769606948,0.295598379,59,-3.129,70,AM,non-N fixers,NA,NA,0.292315371,0.221790801,NA,-4.4
500,0.769606948,0.295598379,60,-2.823,71,AM,non-N fixers,NA,NA,0.292315371,0.221790801,NA,-4.4
501,0.769606948,0.295598379,61,NA,72,AM,non-N fixers,NA,NA,0.292315371,0.221790801,NA,-4.4
502,0.769606948,0.295598379,62,-2.785,73,AM,N fixers,NA,NA,0.292315371,0.221790801,NA,-4.4
503,0.769606948,0.295598379,63,-5.003,74,AM,non-N fixers,NA,NA,0.292315371,0.221790801,NA,-4.4
504,0.769606948,0.295598379,64,-2.289333333,75,AM,non-N fixers,NA,NA,0.292315371,0.221790801,NA,-4.4
505,0.769606948,0.295598379,65,-3.297,76,ECM,non-N fixers,NA,NA,0.292315371,0.221790801,NA,-6.14
506,0.769606948,0.295598379,66,-2.007,77,AM,N fixers,NA,NA,0.292315371,0.221790801,NA,-4.4
507,0.769606948,0.295598379,67,-2.425,78,AM,non-N fixers,NA,NA,0.292315371,0.221790801,NA,-4.4
508,0.769606948,0.295598379,68,-3.642,79,AM,non-N fixers,NA,NA,0.292315371,0.221790801,NA,-4.4
509,0.769606948,0.295598379,69,NA,80,NM,non-N fixers,NA,NA,0.292315371,0.221790801,NA,-3.82
510,0.769606948,0.295598379,70,-1.328,81,AM,non-N fixers,NA,NA,0.292315371,0.221790801,NA,-4.4
511,0.769606948,0.295598379,71,-4.002,82,ECM,non-N fixers,NA,NA,0.292315371,0.221790801,NA,-6.14
512,0.769606948,0.295598379,72,-2.974,83,ECM,non-N fixers,NA,NA,0.292315371,0.221790801,NA,-6.14
513,0.769606948,0.295598379,73,-3.33,84,ECM,non-N fixers,NA,NA,0.292315371,0.221790801,NA,-6.14
514,0.769606948,0.295598379,74,NA,85,NM,non-N fixers,NA,NA,0.292315371,0.221790801,NA,-3.82
515,0.769606948,0.295598379,75,NA,86,AM,non-N fixers,NA,NA,0.292315371,0.221790801,NA,-4.4
603,0.778084255,0.273036429,76,-2.762,87,AM,non-N fixers,NA,NA,0.270004001,0.238123396,NA,-4.4
604,0.778084255,0.273036429,77,-3.402,88,AM,non-N fixers,NA,NA,0.270004001,0.238123396,NA,-4.4
605,0.778084255,0.273036429,78,-0.162,89,AM,non-N fixers,NA,NA,0.270004001,0.238123396,NA,-4.4
606,0.778084255,0.273036429,79,-2.944,90,AM,non-N fixers,NA,NA,0.270004001,0.238123396,NA,-4.4
607,0.778084255,0.273036429,80,-2.526,91,NM,non-N fixers,NA,NA,0.270004001,0.238123396,NA,-3.82
608,0.778084255,0.273036429,81,-1.466,93,AM,non-N fixers,NA,NA,0.270004001,0.238123396,NA,-4.4
609,0.778084255,0.273036429,82,1.122,94,AM,non-N fixers,NA,NA,0.270004001,0.238123396,NA,-4.4
610,0.778084255,0.273036429,83,-3.131,95,AM,non-N fixers,NA,NA,0.270004001,0.238123396,NA,-4.4
611,0.778084255,0.273036429,84,NA,96,AM,non-N fixers,NA,NA,0.270004001,0.238123396,NA,-4.4
612,0.778084255,0.273036429,85,-2.886,97,AM,non-N fixers,NA,NA,0.270004001,0.238123396,NA,-4.4
613,0.778084255,0.273036429,86,-1.023,98,AM,N fixers,NA,NA,0.270004001,0.238123396,NA,-4.4
614,0.778084255,0.273036429,87,-4.062,99,AM,N fixers,NA,NA,0.270004001,0.238123396,NA,-4.4
615,0.778084255,0.273036429,88,NA,100,ECM,non-N fixers,NA,NA,0.270004001,0.238123396,NA,-6.14
616,0.778084255,0.273036429,89,NA,101,AM,non-N fixers,NA,NA,0.270004001,0.238123396,NA,-4.4
617,0.778084255,0.273036429,90,-2.066,102,AM,non-N fixers,NA,NA,0.270004001,0.238123396,NA,-4.4
618,0.778084255,0.273036429,91,NA,103,AM,N fixers,NA,NA,0.270004001,0.238123396,NA,-4.4
619,0.778084255,0.273036429,92,0.006,104,ECM,non-N fixers,NA,NA,0.270004001,0.238123396,NA,-6.14
620,0.778084255,0.273036429,93,NA,105,AM,non-N fixers,NA,NA,0.270004001,0.238123396,NA,-4.4
621,0.778084255,0.273036429,94,-3.4,106,NM,non-N fixers,NA,NA,0.270004001,0.238123396,NA,-3.82
622,0.778084255,0.273036429,95,NA,107,AM,non-N fixers,NA,NA,0.270004001,0.238123396,NA,-4.4
623,0.778084255,0.273036429,96,NA,108,AM,non-N fixers,NA,NA,0.270004001,0.238123396,NA,-4.4
624,0.778084255,0.273036429,97,-2.573,109,ECM,non-N fixers,NA,NA,0.270004001,0.238123396,NA,-6.14
625,0.778084255,0.273036429,98,NA,110,NM,non-N fixers,NA,NA,0.270004001,0.238123396,NA,-3.82
626,0.778084255,0.273036429,99,0.882,111,AM,N fixers,NA,NA,0.270004001,0.238123396,NA,-4.4
627,0.778084255,0.273036429,100,NA,112,AM,non-N fixers,NA,NA,0.270004001,0.238123396,NA,-4.4
516,0.774572147,0.261758095,101,-3.097,113,AM,non-N fixers,NA,NA,0.258850928,0.244382717,NA,-4.4
517,0.774572147,0.261758095,102,NA,114,AM,non-N fixers,NA,NA,0.258850928,0.244382717,NA,-4.4
518,0.774572147,0.261758095,103,NA,115,AM,non-N fixers,NA,NA,0.258850928,0.244382717,NA,-4.4
519,0.774572147,0.261758095,104,-3.662,116,AM,non-N fixers,NA,NA,0.258850928,0.244382717,NA,-4.4
520,0.774572147,0.261758095,105,NA,117,AM,non-N fixers,NA,NA,0.258850928,0.244382717,NA,-4.4
521,0.774572147,0.261758095,106,-2.655,118,NM,non-N fixers,NA,NA,0.258850928,0.244382717,NA,-3.82
522,0.774572147,0.261758095,107,-2.042,119,ECM,non-N fixers,NA,NA,0.258850928,0.244382717,NA,-6.14
523,0.774572147,0.261758095,108,-4.644,120,ECM,non-N fixers,NA,NA,0.258850928,0.244382717,NA,-6.14
524,0.774572147,0.261758095,109,NA,121,AM,non-N fixers,NA,NA,0.258850928,0.244382717,NA,-4.4
525,0.774572147,0.261758095,110,NA,122,AM,non-N fixers,NA,NA,0.258850928,0.244382717,NA,-4.4
526,0.774572147,0.261758095,111,1.638,123,NM,non-N fixers,NA,NA,0.258850928,0.244382717,NA,-3.82
527,0.774572147,0.261758095,112,-3.837,124,NM,non-N fixers,NA,NA,0.258850928,0.244382717,NA,-3.82
528,0.774572147,0.261758095,113,NA,125,ECM,non-N fixers,NA,NA,0.258850928,0.244382717,NA,-6.14
529,0.774572147,0.261758095,114,NA,126,AM,non-N fixers,NA,NA,0.258850928,0.244382717,NA,-4.4
530,0.774572147,0.261758095,115,NA,127,AM,non-N fixers,NA,NA,0.258850928,0.244382717,NA,-4.4
531,0.774572147,0.261758095,116,-2.19,128,AM,non-N fixers,NA,NA,0.258850928,0.244382717,NA,-4.4
532,0.774572147,0.261758095,117,1.612,129,NM,N fixers,NA,NA,0.258850928,0.244382717,NA,-3.82
533,0.774572147,0.261758095,118,NA,130,AM,non-N fixers,NA,NA,0.258850928,0.244382717,NA,-4.4
534,0.774572147,0.261758095,119,-2.049,NA,AM,non-N fixers,NA,NA,0.258850928,0.244382717,NA,-4.4
535,0.774572147,0.261758095,120,0.412,132,NM,non-N fixers,NA,NA,0.258850928,0.244382717,NA,-3.82
536,0.774572147,0.261758095,121,NA,133,AM,non-N fixers,NA,NA,0.258850928,0.244382717,NA,-4.4
537,0.774572147,0.261758095,122,-2.066,134,ECM,non-N fixers,NA,NA,0.258850928,0.244382717,NA,-6.14
538,0.774572147,0.261758095,123,-2.531,135,AM,N fixers,NA,NA,0.258850928,0.244382717,NA,-4.4
539,0.774572147,0.261758095,124,-2.083,136,AM,non-N fixers,NA,NA,0.258850928,0.244382717,NA,-4.4
540,0.774572147,0.261758095,125,-1.729,137,AM,N fixers,NA,NA,0.258850928,0.244382717,NA,-4.4
541,0.774572147,0.261758095,126,NA,138,AM,non-N fixers,NA,NA,0.258850928,0.244382717,NA,-4.4
542,0.774572147,0.261758095,127,NA,139,AM,non-N fixers,NA,NA,0.258850928,0.244382717,NA,-4.4
543,0.774572147,0.261758095,128,NA,140,AM,non-N fixers,NA,NA,0.258850928,0.244382717,NA,-4.4
544,0.774572147,0.261758095,129,-1.313,141,AM,non-N fixers,NA,NA,0.258850928,0.244382717,NA,-4.4
545,0.774572147,0.261758095,130,NA,142,NM,non-N fixers,NA,NA,0.258850928,0.244382717,NA,-3.82
546,0.774572147,0.261758095,131,-2.164,143,AM,N fixers,NA,NA,0.258850928,0.244382717,NA,-4.4
547,0.774572147,0.261758095,132,0.397,144,ECM,non-N fixers,NA,NA,0.258850928,0.244382717,NA,-6.14
548,0.774572147,0.261758095,133,-2.878,145,AM,non-N fixers,NA,NA,0.258850928,0.244382717,NA,-4.4
549,0.774572147,0.261758095,134,NA,146,NM,non-N fixers,NA,NA,0.258850928,0.244382717,NA,-3.82
550,0.774572147,0.261758095,135,-0.711,147,AM,non-N fixers,NA,NA,0.258850928,0.244382717,NA,-4.4
551,0.774572147,0.261758095,136,0.489,148,ECM,non-N fixers,NA,NA,0.258850928,0.244382717,NA,-6.14
552,0.774572147,0.261758095,137,-2.438,149,AM,non-N fixers,NA,NA,0.258850928,0.244382717,NA,-4.4
553,0.774572147,0.261758095,138,NA,150,AM,non-N fixers,NA,NA,0.258850928,0.244382717,NA,-4.4
554,0.774572147,0.261758095,139,-2.078,151,ECM,non-N fixers,NA,NA,0.258850928,0.244382717,NA,-6.14
555,0.774572147,0.261758095,140,NA,152,ECM,non-N fixers,NA,NA,0.258850928,0.244382717,NA,-6.14
556,0.774572147,0.261758095,141,-5.209,153,AM,non-N fixers,NA,NA,0.258850928,0.244382717,NA,-4.4
557,0.774572147,0.261758095,142,-0.675,154,AM,N fixers,NA,NA,0.258850928,0.244382717,NA,-4.4
558,0.774965585,0.272667404,143,-1.993,155,AM,non-N fixers,NA,NA,0.269639074,0.229746557,NA,-4.4
559,0.774965585,0.272667404,144,-4.511,156,AM,non-N fixers,NA,NA,0.269639074,0.229746557,NA,-4.4
560,0.774965585,0.272667404,145,NA,157,AM,non-N fixers,NA,NA,0.269639074,0.229746557,NA,-4.4
561,0.774965585,0.272667404,146,NA,158,AM,non-N fixers,NA,NA,0.269639074,0.229746557,NA,-4.4
562,0.774965585,0.272667404,147,NA,159,AM,non-N fixers,NA,NA,0.269639074,0.229746557,NA,-4.4
563,0.774965585,0.272667404,148,NA,160,AM,non-N fixers,NA,NA,0.269639074,0.229746557,NA,-4.4
564,0.774965585,0.272667404,149,NA,161,AM,non-N fixers,NA,NA,0.269639074,0.229746557,NA,-4.4
565,0.774965585,0.272667404,150,NA,162,AM,non-N fixers,NA,NA,0.269639074,0.229746557,NA,-4.4
566,0.774965585,0.272667404,151,-3.424,163,NM,non-N fixers,NA,NA,0.269639074,0.229746557,NA,-3.82
567,0.774965585,0.272667404,152,-3.013,164,ECM,non-N fixers,NA,NA,0.269639074,0.229746557,NA,-6.14
568,0.774965585,0.272667404,153,-0.457,165,AM,non-N fixers,NA,NA,0.269639074,0.229746557,NA,-4.4
569,0.774965585,0.272667404,154,NA,166,NM,non-N fixers,NA,NA,0.269639074,0.229746557,NA,-3.82
570,0.774965585,0.272667404,155,-1.307,167,NM,non-N fixers,NA,NA,0.269639074,0.229746557,NA,-3.82
571,0.774965585,0.272667404,156,NA,168,NM,non-N fixers,NA,NA,0.269639074,0.229746557,NA,-3.82
572,0.774965585,0.272667404,157,NA,170,AM,non-N fixers,NA,NA,0.269639074,0.229746557,NA,-4.4
573,0.774965585,0.272667404,158,NA,171,NM,non-N fixers,NA,NA,0.269639074,0.229746557,NA,-3.82
574,0.774965585,0.272667404,159,-2.893,173,ECM,non-N fixers,NA,NA,0.269639074,0.229746557,NA,-6.14
575,0.774965585,0.272667404,160,-2.812,174,AM,non-N fixers,NA,NA,0.269639074,0.229746557,NA,-4.4
576,0.774965585,0.272667404,161,-1.217,175,AM,non-N fixers,NA,NA,0.269639074,0.229746557,NA,-4.4
577,0.774965585,0.272667404,162,-0.071,177,NM,N fixers,NA,NA,0.269639074,0.229746557,NA,-3.82
578,0.774965585,0.272667404,163,-3.62,178,AM,non-N fixers,NA,NA,0.269639074,0.229746557,NA,-4.4
579,0.774965585,0.272667404,164,-4.011,179,AM,non-N fixers,NA,NA,0.269639074,0.229746557,NA,-4.4
580,0.774965585,0.272667404,165,NA,180,NM,non-N fixers,NA,NA,0.269639074,0.229746557,NA,-3.82
581,0.774965585,0.272667404,166,NA,181,AM,non-N fixers,NA,NA,0.269639074,0.229746557,NA,-4.4
582,0.774965585,0.272667404,167,-2.813,182,AM,N fixers,NA,NA,0.269639074,0.229746557,NA,-4.4
583,0.774965585,0.272667404,168,NA,183,AM,non-N fixers,NA,NA,0.269639074,0.229746557,NA,-4.4
584,0.774965585,0.272667404,169,NA,184,AM,N fixers,NA,NA,0.269639074,0.229746557,NA,-4.4
585,0.774965585,0.272667404,170,-1.642,185,AM,N fixers,NA,NA,0.269639074,0.229746557,NA,-4.4
586,0.774965585,0.272667404,171,NA,186,AM,non-N fixers,NA,NA,0.269639074,0.229746557,NA,-4.4
587,0.774965585,0.272667404,172,NA,187,AM,non-N fixers,NA,NA,0.269639074,0.229746557,NA,-4.4
588,0.774965585,0.272667404,173,-1.852,188,AM,non-N fixers,NA,NA,0.269639074,0.229746557,NA,-4.4
589,0.774965585,0.272667404,174,-1.603,189,AM,N fixers,NA,NA,0.269639074,0.229746557,NA,-4.4
590,0.774965585,0.272667404,175,NA,190,ECM,non-N fixers,NA,NA,0.269639074,0.229746557,NA,-6.14
591,0.774965585,0.272667404,176,NA,191,AM,non-N fixers,NA,NA,0.269639074,0.229746557,NA,-4.4
592,0.774965585,0.272667404,177,NA,192,AM,N fixers,NA,NA,0.269639074,0.229746557,NA,-4.4
593,0.774965585,0.272667404,178,-1.961,193,ECM,non-N fixers,NA,NA,0.269639074,0.229746557,NA,-6.14
594,0.774965585,0.272667404,179,-4.312,194,AM,non-N fixers,NA,NA,0.269639074,0.229746557,NA,-4.4
595,0.774965585,0.272667404,180,NA,195,NM,non-N fixers,NA,NA,0.269639074,0.229746557,NA,-3.82
596,0.774965585,0.272667404,181,NA,196,AM,non-N fixers,NA,NA,0.269639074,0.229746557,NA,-4.4
597,0.774965585,0.272667404,182,NA,197,AM,non-N fixers,NA,NA,0.269639074,0.229746557,NA,-4.4
598,0.774965585,0.272667404,183,NA,198,ECM,non-N fixers,NA,NA,0.269639074,0.229746557,NA,-6.14
599,0.774965585,0.272667404,184,-2.811,199,ECM,non-N fixers,NA,NA,0.269639074,0.229746557,NA,-6.14
600,0.774965585,0.272667404,185,NA,201,AM,non-N fixers,NA,NA,0.269639074,0.229746557,NA,-4.4
601,0.774965585,0.272667404,186,NA,202,AM,N fixers,NA,NA,0.269639074,0.229746557,NA,-4.4
602,0.774965585,0.272667404,187,-1.591,203,AM,non-N fixers,NA,NA,0.269639074,0.229746557,NA,-4.4
454,0.769433528,0.287989358,188,NA,204,AM,non-N fixers,NA,NA,0.284790858,0.228644041,NA,-4.4
455,0.769433528,0.287989358,189,NA,205,AM,non-N fixers,NA,NA,0.284790858,0.228644041,NA,-4.4
456,0.769433528,0.287989358,190,-2.597,206,AM,non-N fixers,NA,NA,0.284790858,0.228644041,NA,-4.4
457,0.769433528,0.287989358,191,NA,207,AM,non-N fixers,NA,NA,0.284790858,0.228644041,NA,-4.4
458,0.769433528,0.287989358,192,-4.29,208,AM,non-N fixers,NA,NA,0.284790858,0.228644041,NA,-4.4
459,0.769433528,0.287989358,193,NA,209,NM,non-N fixers,NA,NA,0.284790858,0.228644041,NA,-3.82
460,0.769433528,0.287989358,194,NA,210,AM,non-N fixers,NA,NA,0.284790858,0.228644041,NA,-4.4
461,0.769433528,0.287989358,195,-3.068,211,ECM,non-N fixers,NA,NA,0.284790858,0.228644041,NA,-6.14
462,0.769433528,0.287989358,196,NA,212,AM,non-N fixers,NA,NA,0.284790858,0.228644041,NA,-4.4
463,0.769433528,0.287989358,197,-2.588,213,NM,non-N fixers,NA,NA,0.284790858,0.228644041,NA,-3.82
464,0.769433528,0.287989358,198,NA,214,NM,non-N fixers,NA,NA,0.284790858,0.228644041,NA,-3.82
465,0.769433528,0.287989358,199,NA,215,AM,non-N fixers,NA,NA,0.284790858,0.228644041,NA,-4.4
466,0.769433528,0.287989358,200,NA,216,AM,non-N fixers,NA,NA,0.284790858,0.228644041,NA,-4.4
467,0.769433528,0.287989358,201,-3.092,217,ECM,non-N fixers,NA,NA,0.284790858,0.228644041,NA,-6.14
468,0.769433528,0.287989358,202,NA,218,AM,non-N fixers,NA,NA,0.284790858,0.228644041,NA,-4.4
469,0.769433528,0.287989358,203,-3.082,219,AM,non-N fixers,NA,NA,0.284790858,0.228644041,NA,-4.4
470,0.769433528,0.287989358,204,NA,220,AM,non-N fixers,NA,NA,0.284790858,0.228644041,NA,-4.4
471,0.769433528,0.287989358,205,-4.729,221,ECM,non-N fixers,NA,NA,0.284790858,0.228644041,NA,-6.14
472,0.769433528,0.287989358,206,-3.809,222,AM,N fixers,NA,NA,0.284790858,0.228644041,NA,-4.4
473,0.769433528,0.287989358,207,-3.444,223,AM,non-N fixers,NA,NA,0.284790858,0.228644041,NA,-4.4
474,0.769433528,0.287989358,208,NA,224,AM,non-N fixers,NA,NA,0.284790858,0.228644041,NA,-4.4
475,0.769433528,0.287989358,209,NA,225,AM,non-N fixers,NA,NA,0.284790858,0.228644041,NA,-4.4
476,0.769433528,0.287989358,210,-3.529,227,AM,non-N fixers,NA,NA,0.284790858,0.228644041,NA,-4.4
477,0.769433528,0.287989358,211,-2.18,228,ECM,non-N fixers,NA,NA,0.284790858,0.228644041,NA,-6.14
478,0.769433528,0.287989358,212,NA,229,AM,non-N fixers,NA,NA,0.284790858,0.228644041,NA,-4.4
479,0.769433528,0.287989358,213,-3.027,230,AM,non-N fixers,NA,NA,0.284790858,0.228644041,NA,-4.4
480,0.769433528,0.287989358,214,-4.429,231,ECM,non-N fixers,NA,NA,0.284790858,0.228644041,NA,-6.14
481,0.769433528,0.287989358,215,NA,232,AM,non-N fixers,NA,NA,0.284790858,0.228644041,NA,-4.4
482,0.769433528,0.287989358,216,NA,233,NM,non-N fixers,NA,NA,0.284790858,0.228644041,NA,-3.82
483,0.769433528,0.287989358,217,NA,234,AM,non-N fixers,NA,NA,0.284790858,0.228644041,NA,-4.4
484,0.769433528,0.287989358,218,-2.789,236,ECM,non-N fixers,NA,NA,0.284790858,0.228644041,NA,-6.14
485,0.769433528,0.287989358,219,NA,237,ECM,non-N fixers,NA,NA,0.284790858,0.228644041,NA,-6.14
486,0.769433528,0.287989358,220,NA,238,AM,N fixers,NA,NA,0.284790858,0.228644041,NA,-4.4
487,0.769433528,0.287989358,221,-1.14,239,AM,N fixers,NA,NA,0.284790858,0.228644041,NA,-4.4
488,0.769433528,0.287989358,222,NA,240,AM,non-N fixers,NA,NA,0.284790858,0.228644041,NA,-4.4
489,0.769433528,0.287989358,223,NA,241,AM,non-N fixers,NA,NA,0.284790858,0.228644041,NA,-4.4
490,0.769433528,0.287989358,224,NA,242,AM,non-N fixers,NA,NA,0.284790858,0.228644041,NA,-4.4
491,0.769433528,0.287989358,225,NA,243,AM,non-N fixers,NA,NA,0.284790858,0.228644041,NA,-4.4
664,0.793868029,0.25578863,226,-5.631,244,AM,non-N fixers,NA,NA,0.252947761,0.301681784,NA,-4.4
665,0.793868029,0.25578863,227,NA,245,AM,non-N fixers,NA,NA,0.252947761,0.301681784,NA,-4.4
666,0.793868029,0.25578863,228,NA,247,AM,non-N fixers,NA,NA,0.252947761,0.301681784,NA,-4.4
667,0.793868029,0.25578863,229,NA,248,AM,non-N fixers,NA,NA,0.252947761,0.301681784,NA,-4.4
668,0.793868029,0.25578863,230,NA,249,AM,non-N fixers,NA,NA,0.252947761,0.301681784,NA,-4.4
669,0.793868029,0.25578863,231,NA,250,NM,non-N fixers,NA,NA,0.252947761,0.301681784,NA,-3.82
670,0.793868029,0.25578863,232,-3.313,251,NM,non-N fixers,NA,NA,0.252947761,0.301681784,NA,-3.82
671,0.793868029,0.25578863,233,NA,252,AM,non-N fixers,NA,NA,0.252947761,0.301681784,NA,-4.4
672,0.793868029,0.25578863,234,NA,253,AM,N fixers,NA,NA,0.252947761,0.301681784,NA,-4.4
673,0.793868029,0.25578863,235,-1.655,254,ECM,non-N fixers,NA,NA,0.252947761,0.301681784,NA,-6.14
674,0.793868029,0.25578863,236,NA,255,AM,non-N fixers,NA,NA,0.252947761,0.301681784,NA,-4.4
675,0.793868029,0.25578863,237,NA,256,AM,non-N fixers,NA,NA,0.252947761,0.301681784,NA,-4.4
676,0.793868029,0.25578863,238,NA,NA,AM,non-N fixers,NA,NA,0.252947761,0.301681784,NA,-4.4
677,0.793868029,0.25578863,239,-5.669,NA,AM,non-N fixers,NA,NA,0.252947761,0.301681784,NA,-4.4
678,0.793868029,0.25578863,240,NA,259,AM,non-N fixers,NA,NA,0.252947761,0.301681784,NA,-4.4
679,0.793868029,0.25578863,241,-2.95,260,AM,N fixers,NA,NA,0.252947761,0.301681784,NA,-4.4
680,0.793868029,0.25578863,242,NA,261,AM,non-N fixers,NA,NA,0.252947761,0.301681784,NA,-4.4
681,0.793868029,0.25578863,243,NA,262,ECM,non-N fixers,NA,NA,0.252947761,0.301681784,NA,-6.14
682,0.793868029,0.25578863,244,NA,263,AM,non-N fixers,NA,NA,0.252947761,0.301681784,NA,-4.4
683,0.793868029,0.25578863,245,NA,264,AM,non-N fixers,NA,NA,0.252947761,0.301681784,NA,-4.4
684,0.793868029,0.25578863,246,-3.705,265,AM,non-N fixers,NA,NA,0.252947761,0.301681784,NA,-4.4
685,0.793868029,0.25578863,247,-3.808,266,ECM,non-N fixers,NA,NA,0.252947761,0.301681784,NA,-6.14
686,0.793868029,0.25578863,248,-3.869,267,AM,N fixers,NA,NA,0.252947761,0.301681784,NA,-4.4
687,0.793868029,0.25578863,249,-0.085,268,ECM,non-N fixers,NA,NA,0.252947761,0.301681784,NA,-6.14
688,0.793868029,0.25578863,250,NA,269,AM,non-N fixers,NA,NA,0.252947761,0.301681784,NA,-4.4
689,0.793868029,0.25578863,251,NA,271,AM,non-N fixers,NA,NA,0.252947761,0.301681784,NA,-4.4
690,0.793868029,0.25578863,252,-3.357,272,AM,non-N fixers,NA,NA,0.252947761,0.301681784,NA,-4.4
691,0.793868029,0.25578863,253,NA,273,AM,non-N fixers,NA,NA,0.252947761,0.301681784,NA,-4.4
692,0.793868029,0.25578863,254,-2.352,274,ECM,non-N fixers,NA,NA,0.252947761,0.301681784,NA,-6.14
693,0.793868029,0.25578863,255,-3.288,275,ECM,non-N fixers,NA,NA,0.252947761,0.301681784,NA,-6.14
694,0.793868029,0.25578863,256,NA,279,AM,N fixers,NA,NA,0.252947761,0.301681784,NA,-4.4
695,0.793868029,0.25578863,257,-3.464,280,AM,non-N fixers,NA,NA,0.252947761,0.301681784,NA,-4.4
696,0.793868029,0.25578863,258,NA,281,AM,non-N fixers,NA,NA,0.252947761,0.301681784,NA,-4.4
697,0.793868029,0.25578863,259,NA,282,AM,non-N fixers,NA,NA,0.252947761,0.301681784,NA,-4.4
698,0.813330925,0.286704667,260,-4.393,283,ECM,non-N fixers,NA,NA,0.283520435,0.3821183,NA,-6.14
699,0.813330925,0.286704667,261,-3.6075,284,AM,non-N fixers,NA,NA,0.283520435,0.3821183,NA,-4.4
700,0.813330925,0.286704667,262,-4.594,285,NM,non-N fixers,NA,NA,0.283520435,0.3821183,NA,-3.82
701,0.813330925,0.286704667,263,NA,286,AM,non-N fixers,NA,NA,0.283520435,0.3821183,NA,-4.4
702,0.813330925,0.286704667,264,NA,287,NM,non-N fixers,NA,NA,0.283520435,0.3821183,NA,-3.82
703,0.813330925,0.286704667,265,NA,288,ECM,N fixers,NA,NA,0.283520435,0.3821183,NA,-6.14
704,0.813330925,0.286704667,266,NA,289,AM,non-N fixers,NA,NA,0.283520435,0.3821183,NA,-4.4
705,0.813330925,0.286704667,267,-3.357,290,AM,non-N fixers,NA,NA,0.283520435,0.3821183,NA,-4.4
706,0.813330925,0.286704667,268,NA,292,AM,non-N fixers,NA,NA,0.283520435,0.3821183,NA,-4.4
707,0.813330925,0.286704667,269,NA,293,NM,non-N fixers,NA,NA,0.283520435,0.3821183,NA,-3.82
708,0.813330925,0.286704667,270,NA,294,AM,non-N fixers,NA,NA,0.283520435,0.3821183,NA,-4.4
709,0.813330925,0.286704667,271,-3.222,295,NM,non-N fixers,NA,NA,0.283520435,0.3821183,NA,-3.82
710,0.813330925,0.286704667,272,-4.81,296,NM,non-N fixers,NA,NA,0.283520435,0.3821183,NA,-3.82
711,0.813330925,0.286704667,273,NA,297,NM,non-N fixers,NA,NA,0.283520435,0.3821183,NA,-3.82
712,0.813330925,0.286704667,274,NA,298,NM,non-N fixers,NA,NA,0.283520435,0.3821183,NA,-3.82
713,0.813330925,0.286704667,275,-1.98,299,ECM,non-N fixers,NA,NA,0.283520435,0.3821183,NA,-6.14
714,0.813330925,0.286704667,276,NA,300,AM,non-N fixers,NA,NA,0.283520435,0.3821183,NA,-4.4
715,0.813330925,0.286704667,277,-0.768,301,ECM,non-N fixers,NA,NA,0.283520435,0.3821183,NA,-6.14
716,0.813330925,0.286704667,278,-1.547,302,AM,non-N fixers,NA,NA,0.283520435,0.3821183,NA,-4.4
717,0.813330925,0.286704667,279,NA,303,AM,N fixers,NA,NA,0.283520435,0.3821183,NA,-4.4
718,0.813330925,0.286704667,280,NA,304,AM,non-N fixers,NA,NA,0.283520435,0.3821183,NA,-4.4
719,0.813330925,0.286704667,281,NA,305,AM,non-N fixers,NA,NA,0.283520435,0.3821183,NA,-4.4
720,0.813330925,0.286704667,282,-4.577,306,AM,non-N fixers,NA,NA,0.283520435,0.3821183,NA,-4.4
721,0.813330925,0.286704667,283,NA,307,AM,non-N fixers,NA,NA,0.283520435,0.3821183,NA,-4.4
722,0.813330925,0.286704667,284,NA,308,AM,N fixers,NA,NA,0.283520435,0.3821183,NA,-4.4
723,0.813330925,0.286704667,285,NA,309,NM,non-N fixers,NA,NA,0.283520435,0.3821183,NA,-3.82
724,0.813330925,0.286704667,286,-2.931,310,AM,non-N fixers,NA,NA,0.283520435,0.3821183,NA,-4.4
725,0.813330925,0.286704667,287,-4.048,311,NM,non-N fixers,NA,NA,0.283520435,0.3821183,NA,-3.82
726,0.813330925,0.286704667,288,NA,312,AM,non-N fixers,NA,NA,0.283520435,0.3821183,NA,-4.4
727,0.813330925,0.286704667,289,NA,313,AM,non-N fixers,NA,NA,0.283520435,0.3821183,NA,-4.4
728,0.813330925,0.286704667,290,NA,314,AM,non-N fixers,NA,NA,0.283520435,0.3821183,NA,-4.4
729,0.813330925,0.286704667,291,NA,315,AM,N fixers,NA,NA,0.283520435,0.3821183,NA,-4.4
730,0.813330925,0.286704667,292,NA,317,AM,N fixers,NA,NA,0.283520435,0.3821183,NA,-4.4
731,0.813330925,0.286704667,293,NA,318,AM,non-N fixers,NA,NA,0.283520435,0.3821183,NA,-4.4
732,0.813330925,0.286704667,294,-2.971,319,AM,non-N fixers,NA,NA,0.283520435,0.3821183,NA,-4.4
733,0.813330925,0.286704667,295,-4.271,320,AM,N fixers,NA,NA,0.283520435,0.3821183,NA,-4.4
734,0.813330925,0.286704667,296,-3.81,321,ECM,non-N fixers,NA,NA,0.283520435,0.3821183,NA,-6.14
735,0.813330925,0.286704667,297,NA,322,ECM,non-N fixers,NA,NA,0.283520435,0.3821183,NA,-6.14
736,0.813330925,0.286704667,298,-2.367,323,AM,N fixers,NA,NA,0.283520435,0.3821183,NA,-4.4
737,0.813330925,0.286704667,299,-0.883,324,ECM,non-N fixers,NA,NA,0.283520435,0.3821183,NA,-6.14
738,0.813330925,0.286704667,300,NA,325,NM,non-N fixers,NA,NA,0.283520435,0.3821183,NA,-3.82
739,0.813330925,0.286704667,301,NA,326,NM,non-N fixers,NA,NA,0.283520435,0.3821183,NA,-3.82
740,0.813330925,0.286704667,302,NA,327,AM,non-N fixers,NA,NA,0.283520435,0.3821183,NA,-4.4
741,0.813330925,0.286704667,303,NA,328,NM,non-N fixers,NA,NA,0.283520435,0.3821183,NA,-3.82
742,0.813330925,0.286704667,304,-1.287,331,ECM,non-N fixers,NA,NA,0.283520435,0.3821183,NA,-6.14
743,0.813330925,0.286704667,305,NA,332,ECM,non-N fixers,NA,NA,0.283520435,0.3821183,NA,-6.14
744,0.813330925,0.286704667,306,-4.832,334,AM,non-N fixers,NA,NA,0.283520435,0.3821183,NA,-4.4
745,0.813330925,0.286704667,307,NA,335,AM,non-N fixers,NA,NA,0.283520435,0.3821183,NA,-4.4
746,0.813330925,0.286704667,308,NA,336,AM,non-N fixers,NA,NA,0.283520435,0.3821183,NA,-4.4
747,0.813330925,0.286704667,309,NA,337,AM,non-N fixers,NA,NA,0.283520435,0.3821183,NA,-4.4
628,0.789253697,0.320055438,310,NA,338,AM,non-N fixers,NA,NA,0.316500802,0.287074769,NA,-4.4
629,0.789253697,0.320055438,311,-3.676,339,AM,non-N fixers,NA,NA,0.316500802,0.287074769,NA,-4.4
630,0.789253697,0.320055438,312,-2.72,341,AM,non-N fixers,NA,NA,0.316500802,0.287074769,NA,-4.4
631,0.789253697,0.320055438,313,NA,342,AM,non-N fixers,NA,NA,0.316500802,0.287074769,NA,-4.4
632,0.789253697,0.320055438,314,NA,343,AM,non-N fixers,NA,NA,0.316500802,0.287074769,NA,-4.4
633,0.789253697,0.320055438,315,NA,344,NM,non-N fixers,NA,NA,0.316500802,0.287074769,NA,-3.82
634,0.789253697,0.320055438,316,-5.363,345,NM,non-N fixers,NA,NA,0.316500802,0.287074769,NA,-3.82
635,0.789253697,0.320055438,317,NA,346,AM,non-N fixers,NA,NA,0.316500802,0.287074769,NA,-4.4
636,0.789253697,0.320055438,318,NA,347,AM,non-N fixers,NA,NA,0.316500802,0.287074769,NA,-4.4
637,0.789253697,0.320055438,319,-2.527,348,ECM,non-N fixers,NA,NA,0.316500802,0.287074769,NA,-6.14
638,0.789253697,0.320055438,320,-3.248,349,AM,non-N fixers,NA,NA,0.316500802,0.287074769,NA,-4.4
639,0.789253697,0.320055438,321,NA,351,AM,non-N fixers,NA,NA,0.316500802,0.287074769,NA,-4.4
640,0.789253697,0.320055438,322,NA,352,AM,non-N fixers,NA,NA,0.316500802,0.287074769,NA,-4.4
641,0.789253697,0.320055438,323,NA,353,AM,non-N fixers,NA,NA,0.316500802,0.287074769,NA,-4.4
642,0.789253697,0.320055438,324,NA,354,AM,non-N fixers,NA,NA,0.316500802,0.287074769,NA,-4.4
643,0.789253697,0.320055438,325,NA,355,AM,non-N fixers,NA,NA,0.316500802,0.287074769,NA,-4.4
644,0.789253697,0.320055438,326,-3.027,356,AM,N fixers,NA,NA,0.316500802,0.287074769,NA,-4.4
645,0.789253697,0.320055438,327,NA,NA,NM,non-N fixers,NA,NA,0.316500802,0.287074769,NA,-3.82
646,0.789253697,0.320055438,328,-3.397,358,AM,N fixers,NA,NA,0.316500802,0.287074769,NA,-4.4
647,0.789253697,0.320055438,329,NA,359,AM,non-N fixers,NA,NA,0.316500802,0.287074769,NA,-4.4
648,0.789253697,0.320055438,330,NA,360,AM,N fixers,NA,NA,0.316500802,0.287074769,NA,-4.4
649,0.789253697,0.320055438,331,NA,361,AM,N fixers,NA,NA,0.316500802,0.287074769,NA,-4.4
650,0.789253697,0.320055438,332,-2.093,362,ECM,non-N fixers,NA,NA,0.316500802,0.287074769,NA,-6.14
651,0.789253697,0.320055438,333,NA,363,AM,N fixers,NA,NA,0.316500802,0.287074769,NA,-4.4
652,0.789253697,0.320055438,334,NA,364,AM,non-N fixers,NA,NA,0.316500802,0.287074769,NA,-4.4
653,0.789253697,0.320055438,335,-1.769,365,ECM,non-N fixers,NA,NA,0.316500802,0.287074769,NA,-6.14
654,0.789253697,0.320055438,336,-3.603,366,AM,non-N fixers,NA,NA,0.316500802,0.287074769,NA,-4.4
655,0.789253697,0.320055438,337,-2.726,367,ECM,non-N fixers,NA,NA,0.316500802,0.287074769,NA,-6.14
656,0.789253697,0.320055438,338,-2.461,368,AM,non-N fixers,NA,NA,0.316500802,0.287074769,NA,-4.4
657,0.789253697,0.320055438,339,-4.175,369,AM,non-N fixers,NA,NA,0.316500802,0.287074769,NA,-4.4
658,0.789253697,0.320055438,340,NA,370,AM,non-N fixers,NA,NA,0.316500802,0.287074769,NA,-4.4
659,0.789253697,0.320055438,341,NA,371,AM,non-N fixers,NA,NA,0.316500802,0.287074769,NA,-4.4
660,0.789253697,0.320055438,342,NA,372,AM,non-N fixers,NA,NA,0.316500802,0.287074769,NA,-4.4
661,0.789253697,0.320055438,343,NA,374,AM,non-N fixers,NA,NA,0.316500802,0.287074769,NA,-4.4
662,0.789253697,0.320055438,344,-1.214,375,ECM,non-N fixers,NA,NA,0.316500802,0.287074769,NA,-6.14
663,0.789253697,0.320055438,345,NA,377,AM,non-N fixers,NA,NA,0.316500802,0.287074769,NA,-4.4
436,0.704435428,0.334207404,346,1.882,378,AM,non-N fixers,NA,NA,0.330495592,0.103777822,NA,-4.4
437,0.704435428,0.334207404,347,NA,379,AM,non-N fixers,NA,NA,0.330495592,0.103777822,NA,-4.4
438,0.704435428,0.334207404,348,1.311,380,AM,non-N fixers,NA,NA,0.330495592,0.103777822,NA,-4.4
439,0.704435428,0.334207404,349,-0.082,381,AM,non-N fixers,NA,NA,0.330495592,0.103777822,NA,-4.4
440,0.704435428,0.334207404,350,0.395,382,AM,non-N fixers,NA,NA,0.330495592,0.103777822,NA,-4.4
441,0.704435428,0.334207404,351,7.06,383,AM,non-N fixers,NA,NA,0.330495592,0.103777822,NA,-4.4
442,0.704435428,0.334207404,352,NA,NA,AM,non-N fixers,NA,NA,0.330495592,0.103777822,NA,-4.4
443,0.704435428,0.334207404,353,-0.249,385,AM,non-N fixers,NA,NA,0.330495592,0.103777822,NA,-4.4
444,0.704435428,0.334207404,354,NA,386,AM,non-N fixers,NA,NA,0.330495592,0.103777822,NA,-4.4
445,0.704435428,0.334207404,355,NA,387,AM,non-N fixers,NA,NA,0.330495592,0.103777822,NA,-4.4
446,0.704435428,0.334207404,356,4.038,388,AM,non-N fixers,NA,NA,0.330495592,0.103777822,NA,-4.4
447,0.704435428,0.334207404,357,NA,389,AM,N fixers,NA,NA,0.330495592,0.103777822,NA,-4.4
448,0.704435428,0.334207404,358,6.248,390,NM,non-N fixers,NA,NA,0.330495592,0.103777822,NA,-3.82
449,0.704435428,0.334207404,359,8.471,391,NM,non-N fixers,NA,NA,0.330495592,0.103777822,NA,-3.82
450,0.704435428,0.334207404,360,NA,392,NM,non-N fixers,NA,NA,0.330495592,0.103777822,NA,-3.82
451,0.704435428,0.334207404,361,1.391,393,AM,non-N fixers,NA,NA,0.330495592,0.103777822,NA,-4.4
452,0.704435428,0.334207404,362,0.451,394,AM,non-N fixers,NA,NA,0.330495592,0.103777822,NA,-4.4
453,0.704435428,0.334207404,363,NA,396,AM,non-N fixers,NA,NA,0.330495592,0.103777822,NA,-4.4
420,0.704173416,0.33432288,364,NA,397,NM,non-N fixers,NA,NA,0.330609785,0.103288303,NA,-3.82
421,0.704173416,0.33432288,365,NA,398,AM,non-N fixers,NA,NA,0.330609785,0.103288303,NA,-4.4
422,0.704173416,0.33432288,366,NA,399,AM,N fixers,NA,NA,0.330609785,0.103288303,NA,-4.4
423,0.704173416,0.33432288,367,2.387,400,NM,non-N fixers,NA,NA,0.330609785,0.103288303,NA,-3.82
424,0.704173416,0.33432288,368,4.372,401,AM,non-N fixers,NA,NA,0.330609785,0.103288303,NA,-4.4
425,0.704173416,0.33432288,369,2.926,402,AM,non-N fixers,NA,NA,0.330609785,0.103288303,NA,-4.4
426,0.704173416,0.33432288,370,NA,403,AM,non-N fixers,NA,NA,0.330609785,0.103288303,NA,-4.4
427,0.704173416,0.33432288,371,NA,404,AM,non-N fixers,NA,NA,0.330609785,0.103288303,NA,-4.4
428,0.704173416,0.33432288,372,NA,405,AM,non-N fixers,NA,NA,0.330609785,0.103288303,NA,-4.4
429,0.704173416,0.33432288,373,2.846,406,AM,non-N fixers,NA,NA,0.330609785,0.103288303,NA,-4.4
430,0.704173416,0.33432288,374,NA,407,NM,N fixers,NA,NA,0.330609785,0.103288303,NA,-3.82
431,0.704173416,0.33432288,375,-0.733,408,AM,N fixers,NA,NA,0.330609785,0.103288303,NA,-4.4
432,0.704173416,0.33432288,376,NA,409,AM,non-N fixers,NA,NA,0.330609785,0.103288303,NA,-4.4
433,0.704173416,0.33432288,377,1.455,411,AM,non-N fixers,NA,NA,0.330609785,0.103288303,NA,-4.4
434,0.704173416,0.33432288,378,NA,412,AM,non-N fixers,NA,NA,0.330609785,0.103288303,NA,-4.4
435,0.704173416,0.33432288,379,5.069,413,AM,non-N fixers,NA,NA,0.330609785,0.103288303,NA,-4.4
235,0.669005742,0.347825546,380,NA,415,AM,non-N fixers,NA,NA,0.343962486,0.070080933,NA,-4.4
236,0.669005742,0.347825546,381,NA,416,AM,non-N fixers,NA,NA,0.343962486,0.070080933,NA,-4.4
237,0.669005742,0.347825546,382,6.87,417,NM,non-N fixers,NA,NA,0.343962486,0.070080933,NA,-3.82
238,0.669005742,0.347825546,383,8.173,418,AM,non-N fixers,NA,NA,0.343962486,0.070080933,NA,-4.4
239,0.669005742,0.347825546,384,NA,419,AM,non-N fixers,NA,NA,0.343962486,0.070080933,NA,-4.4
240,0.669005742,0.347825546,385,4.121,420,AM,non-N fixers,NA,NA,0.343962486,0.070080933,NA,-4.4
241,0.669005742,0.347825546,386,9.7,421,NM,N fixers,NA,NA,0.343962486,0.070080933,NA,-3.82
242,0.669005742,0.347825546,387,NA,422,NM,non-N fixers,NA,NA,0.343962486,0.070080933,NA,-3.82
243,0.669005742,0.347825546,388,5.323,423,AM,non-N fixers,NA,NA,0.343962486,0.070080933,NA,-4.4
244,0.669005742,0.347825546,389,NA,424,AM,non-N fixers,NA,NA,0.343962486,0.070080933,NA,-4.4
245,0.669005742,0.347825546,390,NA,425,AM,non-N fixers,NA,NA,0.343962486,0.070080933,NA,-4.4
246,0.669005742,0.347825546,391,5.813,426,NM,non-N fixers,NA,NA,0.343962486,0.070080933,NA,-3.82
247,0.669005742,0.347825546,392,NA,427,NM,non-N fixers,NA,NA,0.343962486,0.070080933,NA,-3.82
248,0.669005742,0.347825546,393,7.581,428,AM,non-N fixers,NA,NA,0.343962486,0.070080933,NA,-4.4
249,0.669005742,0.347825546,394,NA,429,AM,non-N fixers,NA,NA,0.343962486,0.070080933,NA,-4.4
250,0.669005742,0.347825546,395,NA,430,AM,N fixers,NA,NA,0.343962486,0.070080933,NA,-4.4
251,0.669005742,0.347825546,396,8.256,431,AM,non-N fixers,NA,NA,0.343962486,0.070080933,NA,-4.4
252,0.669005742,0.347825546,397,NA,432,AM,non-N fixers,NA,NA,0.343962486,0.070080933,NA,-4.4
253,0.669005742,0.347825546,398,-0.44,433,AM,N fixers,NA,NA,0.343962486,0.070080933,NA,-4.4
254,0.669005742,0.347825546,399,6.35,434,AM,non-N fixers,NA,NA,0.343962486,0.070080933,NA,-4.4
211,0.667697387,0.34864006,400,0.002,435,AM,non-N fixers,NA,NA,0.344767954,0.068500357,NA,-4.4
212,0.667697387,0.34864006,401,NA,436,AM,non-N fixers,NA,NA,0.344767954,0.068500357,NA,-4.4
213,0.667697387,0.34864006,402,1.533,437,NM,non-N fixers,NA,NA,0.344767954,0.068500357,NA,-3.82
214,0.667697387,0.34864006,403,-0.893,438,AM,non-N fixers,NA,NA,0.344767954,0.068500357,NA,-4.4
215,0.667697387,0.34864006,404,0.11,439,AM,non-N fixers,NA,NA,0.344767954,0.068500357,NA,-4.4
216,0.667697387,0.34864006,405,0.386,440,AM,non-N fixers,NA,NA,0.344767954,0.068500357,NA,-4.4
325,0.678075032,0.321401597,406,NA,442,AM,non-N fixers,NA,NA,0.31783201,0.076888882,NA,-4.4
326,0.678075032,0.321401597,407,-1.35,443,AM,non-N fixers,NA,NA,0.31783201,0.076888882,NA,-4.4
327,0.678075032,0.321401597,408,-2.826,444,AM,non-N fixers,NA,NA,0.31783201,0.076888882,NA,-4.4
328,0.678075032,0.321401597,409,-2.543,445,AM,non-N fixers,NA,NA,0.31783201,0.076888882,NA,-4.4
329,0.678075032,0.321401597,410,-2.301,446,NM,non-N fixers,NA,NA,0.31783201,0.076888882,NA,-3.82
330,0.678075032,0.321401597,411,NA,447,AM,non-N fixers,NA,NA,0.31783201,0.076888882,NA,-4.4
331,0.678075032,0.321401597,412,0.272,448,AM,N fixers,NA,NA,0.31783201,0.076888882,NA,-4.4
332,0.678075032,0.321401597,413,NA,449,AM,non-N fixers,NA,NA,0.31783201,0.076888882,NA,-4.4
333,0.678075032,0.321401597,414,NA,450,AM,non-N fixers,NA,NA,0.31783201,0.076888882,NA,-4.4
334,0.678075032,0.321401597,415,-1.937,451,AM,N fixers,NA,NA,0.31783201,0.076888882,NA,-4.4
335,0.678075032,0.321401597,416,-2.063,452,AM,N fixers,NA,NA,0.31783201,0.076888882,NA,-4.4
336,0.678075032,0.321401597,417,NA,453,AM,N fixers,NA,NA,0.31783201,0.076888882,NA,-4.4
337,0.678075032,0.321401597,418,NA,454,AM,non-N fixers,NA,NA,0.31783201,0.076888882,NA,-4.4
338,0.678075032,0.321401597,419,3.531,455,AM,non-N fixers,NA,NA,0.31783201,0.076888882,NA,-4.4
339,0.678075032,0.321401597,420,NA,456,AM,non-N fixers,NA,NA,0.31783201,0.076888882,NA,-4.4
340,0.678075032,0.321401597,421,NA,457,AM,non-N fixers,NA,NA,0.31783201,0.076888882,NA,-4.4
341,0.678075032,0.321401597,422,-1.363,458,AM,non-N fixers,NA,NA,0.31783201,0.076888882,NA,-4.4
342,0.678075032,0.321401597,423,-2.222,459,AM,non-N fixers,NA,NA,0.31783201,0.076888882,NA,-4.4
343,0.678075032,0.321401597,424,-1.81,460,AM,non-N fixers,NA,NA,0.31783201,0.076888882,NA,-4.4
344,0.678075032,0.321401597,425,NA,461,AM,non-N fixers,NA,NA,0.31783201,0.076888882,NA,-4.4
217,0.6688778,0.335948343,426,0.691,463,AM,non-N fixers,NA,NA,0.332217196,0.071404853,NA,-4.4
218,0.6688778,0.335948343,427,1.428,464,AM,N fixers,NA,NA,0.332217196,0.071404853,NA,-4.4
219,0.6688778,0.335948343,428,5.815,465,NM,non-N fixers,NA,NA,0.332217196,0.071404853,NA,-3.82
220,0.6688778,0.335948343,429,0.25,466,NM,non-N fixers,NA,NA,0.332217196,0.071404853,NA,-3.82
221,0.6688778,0.335948343,430,NA,467,AM,N fixers,NA,NA,0.332217196,0.071404853,NA,-4.4
222,0.6688778,0.335948343,431,NA,468,AM,non-N fixers,NA,NA,0.332217196,0.071404853,NA,-4.4
223,0.6688778,0.335948343,432,NA,469,AM,non-N fixers,NA,NA,0.332217196,0.071404853,NA,-4.4
224,0.6688778,0.335948343,433,1.014,470,AM,non-N fixers,NA,NA,0.332217196,0.071404853,NA,-4.4
225,0.6688778,0.335948343,434,NA,471,AM,non-N fixers,NA,NA,0.332217196,0.071404853,NA,-4.4
226,0.6688778,0.335948343,435,NA,472,AM,non-N fixers,NA,NA,0.332217196,0.071404853,NA,-4.4
227,0.6688778,0.335948343,436,NA,473,AM,N fixers,NA,NA,0.332217196,0.071404853,NA,-4.4
228,0.6688778,0.335948343,437,1.34,474,AM,non-N fixers,NA,NA,0.332217196,0.071404853,NA,-4.4
229,0.6688778,0.335948343,438,3.016,475,ECM,non-N fixers,NA,NA,0.332217196,0.071404853,NA,-6.14
230,0.6688778,0.335948343,439,4.373,476,AM,non-N fixers,NA,NA,0.332217196,0.071404853,NA,-4.4
231,0.6688778,0.335948343,440,1.97,477,AM,non-N fixers,NA,NA,0.332217196,0.071404853,NA,-4.4
232,0.6688778,0.335948343,441,0.846,478,AM,non-N fixers,NA,NA,0.332217196,0.071404853,NA,-4.4
233,0.6688778,0.335948343,442,1.714,479,AM,non-N fixers,NA,NA,0.332217196,0.071404853,NA,-4.4
234,0.6688778,0.335948343,443,3.37,480,NM,non-N fixers,NA,NA,0.332217196,0.071404853,NA,-3.82
368,0.67913157,0.30960629,444,1.419,481,AM,non-N fixers,NA,NA,0.306167706,0.076794955,NA,-4.4
369,0.67913157,0.30960629,445,-0.97,482,AM,non-N fixers,NA,NA,0.306167706,0.076794955,NA,-4.4
370,0.67913157,0.30960629,446,NA,483,AM,non-N fixers,NA,NA,0.306167706,0.076794955,NA,-4.4
371,0.67913157,0.30960629,447,NA,484,AM,non-N fixers,NA,NA,0.306167706,0.076794955,NA,-4.4
372,0.67913157,0.30960629,448,-0.868,485,NM,non-N fixers,NA,NA,0.306167706,0.076794955,NA,-3.82
373,0.67913157,0.30960629,449,3.406,486,AM,N fixers,NA,NA,0.306167706,0.076794955,NA,-4.4
374,0.67913157,0.30960629,450,-0.296,487,AM,N fixers,NA,NA,0.306167706,0.076794955,NA,-4.4
375,0.67913157,0.30960629,451,-3.368,488,AM,N fixers,NA,NA,0.306167706,0.076794955,NA,-4.4
376,0.67913157,0.30960629,452,1.771,489,AM,non-N fixers,NA,NA,0.306167706,0.076794955,NA,-4.4
377,0.67913157,0.30960629,453,-2.241,490,AM,N fixers,NA,NA,0.306167706,0.076794955,NA,-4.4
378,0.67913157,0.30960629,454,-2.487,491,AM,non-N fixers,NA,NA,0.306167706,0.076794955,NA,-4.4
379,0.67913157,0.30960629,455,2.41,492,NM,non-N fixers,NA,NA,0.306167706,0.076794955,NA,-3.82
380,0.67913157,0.30960629,456,-1.578,493,AM,non-N fixers,NA,NA,0.306167706,0.076794955,NA,-4.4
381,0.67913157,0.30960629,457,-0.779,494,ECM,non-N fixers,NA,NA,0.306167706,0.076794955,NA,-6.14
345,0.678994728,0.302644572,458,-0.009,496,AM,non-N fixers,NA,NA,0.299283306,0.075976391,NA,-4.4
346,0.678994728,0.302644572,459,NA,497,AM,non-N fixers,NA,NA,0.299283306,0.075976391,NA,-4.4
347,0.678994728,0.302644572,460,NA,498,AM,non-N fixers,NA,NA,0.299283306,0.075976391,NA,-4.4
348,0.678994728,0.302644572,461,-1.575,499,AM,non-N fixers,NA,NA,0.299283306,0.075976391,NA,-4.4
349,0.678994728,0.302644572,462,NA,500,NM,non-N fixers,NA,NA,0.299283306,0.075976391,NA,-3.82
350,0.678994728,0.302644572,463,-0.665,501,AM,non-N fixers,NA,NA,0.299283306,0.075976391,NA,-4.4
351,0.678994728,0.302644572,464,-1.907,502,NM,non-N fixers,NA,NA,0.299283306,0.075976391,NA,-3.82
352,0.678994728,0.302644572,465,NA,503,AM,non-N fixers,NA,NA,0.299283306,0.075976391,NA,-4.4
353,0.678994728,0.302644572,466,1.661,504,AM,non-N fixers,NA,NA,0.299283306,0.075976391,NA,-4.4
354,0.678994728,0.302644572,467,-0.63,505,NM,non-N fixers,NA,NA,0.299283306,0.075976391,NA,-3.82
355,0.678994728,0.302644572,468,NA,506,AM,non-N fixers,NA,NA,0.299283306,0.075976391,NA,-4.4
356,0.678994728,0.302644572,469,-2.719,507,AM,N fixers,NA,NA,0.299283306,0.075976391,NA,-4.4
357,0.678994728,0.302644572,470,-0.95,508,AM,non-N fixers,NA,NA,0.299283306,0.075976391,NA,-4.4
358,0.678994728,0.302644572,471,NA,509,AM,N fixers,NA,NA,0.299283306,0.075976391,NA,-4.4
359,0.678994728,0.302644572,472,-1.249,510,AM,non-N fixers,NA,NA,0.299283306,0.075976391,NA,-4.4
360,0.678994728,0.302644572,473,5.236,511,NM,non-N fixers,NA,NA,0.299283306,0.075976391,NA,-3.82
361,0.678994728,0.302644572,474,NA,512,AM,non-N fixers,NA,NA,0.299283306,0.075976391,NA,-4.4
362,0.678994728,0.302644572,475,NA,513,AM,non-N fixers,NA,NA,0.299283306,0.075976391,NA,-4.4
363,0.678994728,0.302644572,476,NA,514,AM,non-N fixers,NA,NA,0.299283306,0.075976391,NA,-4.4
364,0.678994728,0.302644572,477,0.958,515,AM,non-N fixers,NA,NA,0.299283306,0.075976391,NA,-4.4
365,0.678994728,0.302644572,478,NA,516,AM,non-N fixers,NA,NA,0.299283306,0.075976391,NA,-4.4
366,0.678994728,0.302644572,479,-1.027,517,AM,N fixers,NA,NA,0.299283306,0.075976391,NA,-4.4
367,0.678994728,0.302644572,480,0.669,518,AM,non-N fixers,NA,NA,0.299283306,0.075976391,NA,-4.4
199,0.665664839,0.323285991,481,NA,519,AM,non-N fixers,NA,NA,0.319695475,0.0675192,NA,-4.4
200,0.665664839,0.323285991,482,4.353,520,NM,non-N fixers,NA,NA,0.319695475,0.0675192,NA,-3.82
201,0.665664839,0.323285991,483,NA,521,AM,N fixers,NA,NA,0.319695475,0.0675192,NA,-4.4
202,0.665664839,0.323285991,484,4.074,522,NM,non-N fixers,NA,NA,0.319695475,0.0675192,NA,-3.82
203,0.665664839,0.323285991,485,1.262,523,AM,non-N fixers,NA,NA,0.319695475,0.0675192,NA,-4.4
204,0.665664839,0.323285991,486,NA,524,AM,non-N fixers,NA,NA,0.319695475,0.0675192,NA,-4.4
205,0.665664839,0.323285991,487,NA,525,AM,non-N fixers,NA,NA,0.319695475,0.0675192,NA,-4.4
206,0.665664839,0.323285991,488,1.362,526,AM,N fixers,NA,NA,0.319695475,0.0675192,NA,-4.4
207,0.665664839,0.323285991,489,4.173,527,AM,non-N fixers,NA,NA,0.319695475,0.0675192,NA,-4.4
208,0.665664839,0.323285991,490,NA,528,AM,non-N fixers,NA,NA,0.319695475,0.0675192,NA,-4.4
209,0.665664839,0.323285991,491,NA,529,AM,non-N fixers,NA,NA,0.319695475,0.0675192,NA,-4.4
210,0.665664839,0.323285991,492,6.059,530,NM,non-N fixers,NA,NA,0.319695475,0.0675192,NA,-3.82
268,0.673932727,0.299740658,493,NA,532,AM,non-N fixers,NA,NA,0.296411645,0.071842668,NA,-4.4
269,0.673932727,0.299740658,494,NA,533,AM,non-N fixers,NA,NA,0.296411645,0.071842668,NA,-4.4
270,0.673932727,0.299740658,495,-1.176,534,AM,non-N fixers,NA,NA,0.296411645,0.071842668,NA,-4.4
271,0.673932727,0.299740658,496,-1.382,535,AM,non-N fixers,NA,NA,0.296411645,0.071842668,NA,-4.4
272,0.673932727,0.299740658,497,-1.738,536,NM,non-N fixers,NA,NA,0.296411645,0.071842668,NA,-3.82
273,0.673932727,0.299740658,498,NA,537,AM,non-N fixers,NA,NA,0.296411645,0.071842668,NA,-4.4
274,0.673932727,0.299740658,499,NA,538,NM,non-N fixers,NA,NA,0.296411645,0.071842668,NA,-3.82
275,0.673932727,0.299740658,500,NA,539,AM,non-N fixers,NA,NA,0.296411645,0.071842668,NA,-4.4
276,0.673932727,0.299740658,501,-0.063,540,AM,non-N fixers,NA,NA,0.296411645,0.071842668,NA,-4.4
277,0.673932727,0.299740658,502,NA,541,AM,non-N fixers,NA,NA,0.296411645,0.071842668,NA,-4.4
278,0.673932727,0.299740658,503,NA,542,AM,non-N fixers,NA,NA,0.296411645,0.071842668,NA,-4.4
279,0.673932727,0.299740658,504,NA,543,AM,non-N fixers,NA,NA,0.296411645,0.071842668,NA,-4.4
280,0.673932727,0.299740658,505,NA,544,AM,non-N fixers,NA,NA,0.296411645,0.071842668,NA,-4.4
281,0.673932727,0.299740658,506,-3.726,545,AM,N fixers,NA,NA,0.296411645,0.071842668,NA,-4.4
282,0.673932727,0.299740658,507,-3.189,546,AM,N fixers,NA,NA,0.296411645,0.071842668,NA,-4.4
283,0.673932727,0.299740658,508,0.131,547,AM,non-N fixers,NA,NA,0.296411645,0.071842668,NA,-4.4
284,0.673932727,0.299740658,509,0.632,548,AM,non-N fixers,NA,NA,0.296411645,0.071842668,NA,-4.4
285,0.673932727,0.299740658,510,NA,549,AM,N fixers,NA,NA,0.296411645,0.071842668,NA,-4.4
286,0.673932727,0.299740658,511,0.065,550,AM,non-N fixers,NA,NA,0.296411645,0.071842668,NA,-4.4
287,0.673932727,0.299740658,512,0.374,551,NM,non-N fixers,NA,NA,0.296411645,0.071842668,NA,-3.82
288,0.673932727,0.299740658,513,-1.69,552,AM,non-N fixers,NA,NA,0.296411645,0.071842668,NA,-4.4
289,0.673932727,0.299740658,514,NA,553,AM,non-N fixers,NA,NA,0.296411645,0.071842668,NA,-4.4
398,0.690243451,0.252045546,515,-0.544,554,AM,non-N fixers,NA,NA,0.249246249,0.082249289,NA,-4.4
399,0.690243451,0.252045546,516,-0.415,555,AM,non-N fixers,NA,NA,0.249246249,0.082249289,NA,-4.4
400,0.690243451,0.252045546,517,0.138,556,AM,non-N fixers,NA,NA,0.249246249,0.082249289,NA,-4.4
401,0.690243451,0.252045546,518,NA,557,AM,non-N fixers,NA,NA,0.249246249,0.082249289,NA,-4.4
402,0.690243451,0.252045546,519,NA,558,AM,N fixers,NA,NA,0.249246249,0.082249289,NA,-4.4
403,0.690243451,0.252045546,520,NA,559,NM,non-N fixers,NA,NA,0.249246249,0.082249289,NA,-3.82
404,0.690243451,0.252045546,521,-1.444,560,NM,non-N fixers,NA,NA,0.249246249,0.082249289,NA,-3.82
405,0.690243451,0.252045546,522,NA,561,AM,non-N fixers,NA,NA,0.249246249,0.082249289,NA,-4.4
406,0.690243451,0.252045546,523,NA,562,NM,non-N fixers,NA,NA,0.249246249,0.082249289,NA,-3.82
407,0.690243451,0.252045546,524,0.952,563,AM,non-N fixers,NA,NA,0.249246249,0.082249289,NA,-4.4
408,0.690243451,0.252045546,525,NA,564,AM,non-N fixers,NA,NA,0.249246249,0.082249289,NA,-4.4
409,0.690243451,0.252045546,526,-3.399,565,AM,N fixers,NA,NA,0.249246249,0.082249289,NA,-4.4
410,0.690243451,0.252045546,527,-0.047,566,AM,non-N fixers,NA,NA,0.249246249,0.082249289,NA,-4.4
411,0.690243451,0.252045546,528,-2.516,567,AM,N fixers,NA,NA,0.249246249,0.082249289,NA,-4.4
412,0.690243451,0.252045546,529,3.484,568,NM,non-N fixers,NA,NA,0.249246249,0.082249289,NA,-3.82
413,0.690243451,0.252045546,530,NA,569,AM,non-N fixers,NA,NA,0.249246249,0.082249289,NA,-4.4
414,0.690243451,0.252045546,531,0.671,570,AM,non-N fixers,NA,NA,0.249246249,0.082249289,NA,-4.4
415,0.690243451,0.252045546,532,-0.838,571,AM,non-N fixers,NA,NA,0.249246249,0.082249289,NA,-4.4
416,0.690243451,0.252045546,533,NA,572,AM,non-N fixers,NA,NA,0.249246249,0.082249289,NA,-4.4
417,0.690243451,0.252045546,534,-0.197,573,AM,non-N fixers,NA,NA,0.249246249,0.082249289,NA,-4.4
418,0.690243451,0.252045546,535,1.527,574,AM,non-N fixers,NA,NA,0.249246249,0.082249289,NA,-4.4
419,0.690243451,0.252045546,536,NA,575,ECM,non-N fixers,NA,NA,0.249246249,0.082249289,NA,-6.14
255,0.669754815,0.260752737,537,1.083,577,AM,non-N fixers,NA,NA,0.257856735,0.065139543,NA,-4.4
256,0.669754815,0.260752737,538,0.905,578,AM,non-N fixers,NA,NA,0.257856735,0.065139543,NA,-4.4
257,0.669754815,0.260752737,539,NA,579,AM,non-N fixers,NA,NA,0.257856735,0.065139543,NA,-4.4
258,0.669754815,0.260752737,540,NA,580,NM,non-N fixers,NA,NA,0.257856735,0.065139543,NA,-3.82
259,0.669754815,0.260752737,541,-2.295,581,NM,non-N fixers,NA,NA,0.257856735,0.065139543,NA,-3.82
260,0.669754815,0.260752737,542,NA,582,AM,non-N fixers,NA,NA,0.257856735,0.065139543,NA,-4.4
261,0.669754815,0.260752737,543,2.946,583,AM,non-N fixers,NA,NA,0.257856735,0.065139543,NA,-4.4
262,0.669754815,0.260752737,544,NA,584,AM,non-N fixers,NA,NA,0.257856735,0.065139543,NA,-4.4
263,0.669754815,0.260752737,545,-0.85,585,AM,N fixers,NA,NA,0.257856735,0.065139543,NA,-4.4
264,0.669754815,0.260752737,546,0.867,586,AM,non-N fixers,NA,NA,0.257856735,0.065139543,NA,-4.4
265,0.669754815,0.260752737,547,NA,587,AM,non-N fixers,NA,NA,0.257856735,0.065139543,NA,-4.4
266,0.669754815,0.260752737,548,NA,588,AM,non-N fixers,NA,NA,0.257856735,0.065139543,NA,-4.4
267,0.669754815,0.260752737,549,1.52,589,AM,non-N fixers,NA,NA,0.257856735,0.065139543,NA,-4.4
177,0.653529389,0.26870067,550,0.071,590,AM,non-N fixers,NA,NA,0.265716397,0.055302827,NA,-4.4
178,0.653529389,0.26870067,551,0.42,591,AM,non-N fixers,NA,NA,0.265716397,0.055302827,NA,-4.4
179,0.653529389,0.26870067,552,0.807,592,AM,non-N fixers,NA,NA,0.265716397,0.055302827,NA,-4.4
180,0.653529389,0.26870067,553,NA,593,AM,non-N fixers,NA,NA,0.265716397,0.055302827,NA,-4.4
181,0.653529389,0.26870067,554,NA,594,AM,non-N fixers,NA,NA,0.265716397,0.055302827,NA,-4.4
182,0.653529389,0.26870067,555,-0.392,595,AM,non-N fixers,NA,NA,0.265716397,0.055302827,NA,-4.4
183,0.653529389,0.26870067,556,NA,596,AM,non-N fixers,NA,NA,0.265716397,0.055302827,NA,-4.4
184,0.653529389,0.26870067,557,-0.305,597,AM,N fixers,NA,NA,0.265716397,0.055302827,NA,-4.4
185,0.653529389,0.26870067,558,2.576,598,NM,non-N fixers,NA,NA,0.265716397,0.055302827,NA,-3.82
186,0.653529389,0.26870067,559,NA,599,AM,non-N fixers,NA,NA,0.265716397,0.055302827,NA,-4.4
187,0.653529389,0.26870067,560,NA,600,AM,non-N fixers,NA,NA,0.265716397,0.055302827,NA,-4.4
188,0.653529389,0.26870067,561,-0.923,601,AM,N fixers,NA,NA,0.265716397,0.055302827,NA,-4.4
189,0.653529389,0.26870067,562,-0.395,602,AM,non-N fixers,NA,NA,0.265716397,0.055302827,NA,-4.4
190,0.653529389,0.26870067,563,2.986,603,NM,N fixers,NA,NA,0.265716397,0.055302827,NA,-3.82
191,0.653529389,0.26870067,564,NA,604,AM,non-N fixers,NA,NA,0.265716397,0.055302827,NA,-4.4
192,0.653529389,0.26870067,565,NA,605,AM,non-N fixers,NA,NA,0.265716397,0.055302827,NA,-4.4
193,0.653529389,0.26870067,566,NA,606,NM,non-N fixers,NA,NA,0.265716397,0.055302827,NA,-3.82
194,0.653529389,0.26870067,567,-0.175,607,AM,non-N fixers,NA,NA,0.265716397,0.055302827,NA,-4.4
195,0.653529389,0.26870067,568,0.816,608,AM,non-N fixers,NA,NA,0.265716397,0.055302827,NA,-4.4
196,0.653529389,0.26870067,569,NA,609,AM,non-N fixers,NA,NA,0.265716397,0.055302827,NA,-4.4
197,0.653529389,0.26870067,570,0.407,610,AM,non-N fixers,NA,NA,0.265716397,0.055302827,NA,-4.4
198,0.653529389,0.26870067,571,-1.541,611,AM,N fixers,NA,NA,0.265716397,0.055302827,NA,-4.4
158,0.642971357,0.280912425,572,NA,613,AM,non-N fixers,NA,NA,0.277792524,0.049879373,NA,-4.4
159,0.642971357,0.280912425,573,0.575,614,AM,non-N fixers,NA,NA,0.277792524,0.049879373,NA,-4.4
160,0.642971357,0.280912425,574,1.025,615,AM,non-N fixers,NA,NA,0.277792524,0.049879373,NA,-4.4
161,0.642971357,0.280912425,575,2.043,616,AM,N fixers,NA,NA,0.277792524,0.049879373,NA,-4.4
162,0.642971357,0.280912425,576,NA,617,NM,non-N fixers,NA,NA,0.277792524,0.049879373,NA,-3.82
163,0.642971357,0.280912425,577,NA,618,AM,non-N fixers,NA,NA,0.277792524,0.049879373,NA,-4.4
164,0.642971357,0.280912425,578,5.242,619,NM,non-N fixers,NA,NA,0.277792524,0.049879373,NA,-3.82
165,0.642971357,0.280912425,579,NA,620,AM,non-N fixers,NA,NA,0.277792524,0.049879373,NA,-4.4
166,0.642971357,0.280912425,580,NA,621,AM,non-N fixers,NA,NA,0.277792524,0.049879373,NA,-4.4
167,0.642971357,0.280912425,581,NA,622,AM,non-N fixers,NA,NA,0.277792524,0.049879373,NA,-4.4
168,0.642971357,0.280912425,582,4.637,623,NM,N fixers,NA,NA,0.277792524,0.049879373,NA,-3.82
169,0.642971357,0.280912425,583,12.135,624,AM,non-N fixers,NA,NA,0.277792524,0.049879373,NA,-4.4
170,0.642971357,0.280912425,584,NA,625,AM,N fixers,NA,NA,0.277792524,0.049879373,NA,-4.4
171,0.642971357,0.280912425,585,NA,626,AM,non-N fixers,NA,NA,0.277792524,0.049879373,NA,-4.4
172,0.642971357,0.280912425,586,0.362,627,AM,non-N fixers,NA,NA,0.277792524,0.049879373,NA,-4.4
173,0.642971357,0.280912425,587,2.087,628,AM,non-N fixers,NA,NA,0.277792524,0.049879373,NA,-4.4
174,0.642971357,0.280912425,588,2.104,629,AM,non-N fixers,NA,NA,0.277792524,0.049879373,NA,-4.4
175,0.642971357,0.280912425,589,NA,630,AM,non-N fixers,NA,NA,0.277792524,0.049879373,NA,-4.4
176,0.642971357,0.280912425,590,0.69,631,AM,non-N fixers,NA,NA,0.277792524,0.049879373,NA,-4.4
135,0.623219874,0.287984255,591,2.053,632,AM,non-N fixers,NA,NA,0.284785811,0.040596961,NA,-4.4
136,0.623219874,0.287984255,592,1.385,633,AM,non-N fixers,NA,NA,0.284785811,0.040596961,NA,-4.4
137,0.623219874,0.287984255,593,0.874,635,AM,non-N fixers,NA,NA,0.284785811,0.040596961,NA,-4.4
138,0.623219874,0.287984255,594,1.402,636,AM,non-N fixers,NA,NA,0.284785811,0.040596961,NA,-4.4
139,0.623219874,0.287984255,595,-0.682,637,AM,non-N fixers,NA,NA,0.284785811,0.040596961,NA,-4.4
140,0.623219874,0.287984255,596,NA,638,AM,N fixers,NA,NA,0.284785811,0.040596961,NA,-4.4
141,0.623219874,0.287984255,597,NA,639,AM,non-N fixers,NA,NA,0.284785811,0.040596961,NA,-4.4
142,0.623219874,0.287984255,598,0.873,640,AM,N fixers,NA,NA,0.284785811,0.040596961,NA,-4.4
143,0.623219874,0.287984255,599,NA,641,AM,non-N fixers,NA,NA,0.284785811,0.040596961,NA,-4.4
144,0.623219874,0.287984255,600,NA,642,AM,non-N fixers,NA,NA,0.284785811,0.040596961,NA,-4.4
145,0.623219874,0.287984255,601,-0.256,643,AM,non-N fixers,NA,NA,0.284785811,0.040596961,NA,-4.4
146,0.623219874,0.287984255,602,1.212,644,AM,non-N fixers,NA,NA,0.284785811,0.040596961,NA,-4.4
147,0.623219874,0.287984255,603,2.828,645,AM,non-N fixers,NA,NA,0.284785811,0.040596961,NA,-4.4
148,0.623219874,0.287984255,604,-1.66,646,AM,N fixers,NA,NA,0.284785811,0.040596961,NA,-4.4
149,0.623219874,0.287984255,605,NA,647,AM,N fixers,NA,NA,0.284785811,0.040596961,NA,-4.4
150,0.623219874,0.287984255,606,NA,648,AM,N fixers,NA,NA,0.284785811,0.040596961,NA,-4.4
151,0.623219874,0.287984255,607,NA,649,AM,N fixers,NA,NA,0.284785811,0.040596961,NA,-4.4
152,0.623219874,0.287984255,608,0.192,650,AM,non-N fixers,NA,NA,0.284785811,0.040596961,NA,-4.4
153,0.623219874,0.287984255,609,NA,651,AM,non-N fixers,NA,NA,0.284785811,0.040596961,NA,-4.4
154,0.623219874,0.287984255,610,NA,652,AM,non-N fixers,NA,NA,0.284785811,0.040596961,NA,-4.4
155,0.623219874,0.287984255,611,NA,653,AM,non-N fixers,NA,NA,0.284785811,0.040596961,NA,-4.4
156,0.623219874,0.287984255,612,1.068,654,AM,non-N fixers,NA,NA,0.284785811,0.040596961,NA,-4.4
157,0.623219874,0.287984255,613,NA,655,AM,non-N fixers,NA,NA,0.284785811,0.040596961,NA,-4.4
109,0.565175941,0.303863745,614,NA,656,AM,non-N fixers,NA,NA,0.300488939,0.022787755,NA,-4.4
110,0.565175941,0.303863745,615,NA,657,AM,non-N fixers,NA,NA,0.300488939,0.022787755,NA,-4.4
111,0.565175941,0.303863745,616,-0.39,658,AM,non-N fixers,NA,NA,0.300488939,0.022787755,NA,-4.4
112,0.565175941,0.303863745,617,1.172,659,AM,non-N fixers,NA,NA,0.300488939,0.022787755,NA,-4.4
113,0.565175941,0.303863745,618,0.305,660,AM,non-N fixers,NA,NA,0.300488939,0.022787755,NA,-4.4
114,0.565175941,0.303863745,619,-0.975,661,AM,non-N fixers,NA,NA,0.300488939,0.022787755,NA,-4.4
115,0.565175941,0.303863745,620,NA,662,AM,N fixers,NA,NA,0.300488939,0.022787755,NA,-4.4
116,0.565175941,0.303863745,621,NA,663,AM,N fixers,NA,NA,0.300488939,0.022787755,NA,-4.4
117,0.565175941,0.303863745,622,NA,664,AM,N fixers,NA,NA,0.300488939,0.022787755,NA,-4.4
118,0.565175941,0.303863745,623,-0.212,665,AM,non-N fixers,NA,NA,0.300488939,0.022787755,NA,-4.4
119,0.565175941,0.303863745,624,0.488,666,AM,N fixers,NA,NA,0.300488939,0.022787755,NA,-4.4
120,0.565175941,0.303863745,625,0.805,668,AM,N fixers,NA,NA,0.300488939,0.022787755,NA,-4.4
121,0.565175941,0.303863745,626,NA,669,AM,N fixers,NA,NA,0.300488939,0.022787755,NA,-4.4
122,0.565175941,0.303863745,627,-0.297,670,NM,non-N fixers,NA,NA,0.300488939,0.022787755,NA,-3.82
123,0.565175941,0.303863745,628,NA,671,AM,non-N fixers,NA,NA,0.300488939,0.022787755,NA,-4.4
124,0.565175941,0.303863745,629,-0.467,672,AM,non-N fixers,NA,NA,0.300488939,0.022787755,NA,-4.4
125,0.565175941,0.303863745,630,NA,673,AM,non-N fixers,NA,NA,0.300488939,0.022787755,NA,-4.4
126,0.565175941,0.303863745,631,-2.578,674,AM,N fixers,NA,NA,0.300488939,0.022787755,NA,-4.4
127,0.565175941,0.303863745,632,-2.122,675,AM,non-N fixers,NA,NA,0.300488939,0.022787755,NA,-4.4
128,0.565175941,0.303863745,633,NA,676,AM,non-N fixers,NA,NA,0.300488939,0.022787755,NA,-4.4
129,0.565175941,0.303863745,634,NA,677,AM,non-N fixers,NA,NA,0.300488939,0.022787755,NA,-4.4
130,0.565175941,0.303863745,635,-2.091,678,AM,non-N fixers,NA,NA,0.300488939,0.022787755,NA,-4.4
131,0.565175941,0.303863745,636,NA,679,AM,non-N fixers,NA,NA,0.300488939,0.022787755,NA,-4.4
132,0.565175941,0.303863745,637,-0.597,680,AM,non-N fixers,NA,NA,0.300488939,0.022787755,NA,-4.4
133,0.565175941,0.303863745,638,NA,681,AM,non-N fixers,NA,NA,0.300488939,0.022787755,NA,-4.4
134,0.565175941,0.303863745,639,NA,682,AM,non-N fixers,NA,NA,0.300488939,0.022787755,NA,-4.4
92,0.513576375,0.322521105,640,2.362,684,AM,non-N fixers,NA,NA,0.318939085,0.014373157,NA,-4.4
93,0.513576375,0.322521105,641,NA,685,AM,non-N fixers,NA,NA,0.318939085,0.014373157,NA,-4.4
94,0.513576375,0.322521105,642,1.481,686,AM,non-N fixers,NA,NA,0.318939085,0.014373157,NA,-4.4
95,0.513576375,0.322521105,643,2.02,687,AM,non-N fixers,NA,NA,0.318939085,0.014373157,NA,-4.4
96,0.513576375,0.322521105,644,NA,688,AM,non-N fixers,NA,NA,0.318939085,0.014373157,NA,-4.4
97,0.513576375,0.322521105,645,2.836,689,AM,non-N fixers,NA,NA,0.318939085,0.014373157,NA,-4.4
98,0.513576375,0.322521105,646,2.601,690,AM,N fixers,NA,NA,0.318939085,0.014373157,NA,-4.4
99,0.513576375,0.322521105,647,1.619,691,AM,N fixers,NA,NA,0.318939085,0.014373157,NA,-4.4
100,0.513576375,0.322521105,648,NA,692,NM,non-N fixers,NA,NA,0.318939085,0.014373157,NA,-3.82
101,0.513576375,0.322521105,649,2.752,693,AM,non-N fixers,NA,NA,0.318939085,0.014373157,NA,-4.4
102,0.513576375,0.322521105,650,NA,694,AM,non-N fixers,NA,NA,0.318939085,0.014373157,NA,-4.4
103,0.513576375,0.322521105,651,NA,695,AM,non-N fixers,NA,NA,0.318939085,0.014373157,NA,-4.4
104,0.513576375,0.322521105,652,NA,696,NM,N fixers,NA,NA,0.318939085,0.014373157,NA,-3.82
105,0.513576375,0.322521105,653,NA,697,AM,N fixers,NA,NA,0.318939085,0.014373157,NA,-4.4
106,0.513576375,0.322521105,654,NA,698,AM,non-N fixers,NA,NA,0.318939085,0.014373157,NA,-4.4
107,0.513576375,0.322521105,655,3.747,699,AM,non-N fixers,NA,NA,0.318939085,0.014373157,NA,-4.4
108,0.513576375,0.322521105,656,2.539,700,AM,non-N fixers,NA,NA,0.318939085,0.014373157,NA,-4.4
79,0.464596585,0.337450641,657,NA,702,AM,non-N fixers,NA,NA,0.333702809,0.009711629,NA,-4.4
80,0.464596585,0.337450641,658,2.532,704,AM,non-N fixers,NA,NA,0.333702809,0.009711629,NA,-4.4
81,0.464596585,0.337450641,659,3.747,705,AM,non-N fixers,NA,NA,0.333702809,0.009711629,NA,-4.4
82,0.464596585,0.337450641,660,NA,706,AM,non-N fixers,NA,NA,0.333702809,0.009711629,NA,-4.4
83,0.464596585,0.337450641,661,1.873,707,AM,non-N fixers,NA,NA,0.333702809,0.009711629,NA,-4.4
84,0.464596585,0.337450641,662,1.703,708,AM,N fixers,NA,NA,0.333702809,0.009711629,NA,-4.4
85,0.464596585,0.337450641,663,2.183,709,AM,N fixers,NA,NA,0.333702809,0.009711629,NA,-4.4
86,0.464596585,0.337450641,664,NA,710,NM,non-N fixers,NA,NA,0.333702809,0.009711629,NA,-3.82
87,0.464596585,0.337450641,665,NA,711,AM,non-N fixers,NA,NA,0.333702809,0.009711629,NA,-4.4
88,0.464596585,0.337450641,666,6.074,712,AM,non-N fixers,NA,NA,0.333702809,0.009711629,NA,-4.4
89,0.464596585,0.337450641,667,5.579,713,AM,non-N fixers,NA,NA,0.333702809,0.009711629,NA,-4.4
90,0.464596585,0.337450641,668,NA,714,AM,non-N fixers,NA,NA,0.333702809,0.009711629,NA,-4.4
91,0.464596585,0.337450641,669,2.336,715,AM,non-N fixers,NA,NA,0.333702809,0.009711629,NA,-4.4
69,0.411865051,0.368218109,670,3.927,717,AM,non-N fixers,NA,NA,0.364128563,0.006540306,NA,-4.4
70,0.411865051,0.368218109,671,4.032,718,AM,non-N fixers,NA,NA,0.364128563,0.006540306,NA,-4.4
71,0.411865051,0.368218109,672,NA,719,AM,non-N fixers,NA,NA,0.364128563,0.006540306,NA,-4.4
72,0.411865051,0.368218109,673,NA,720,AM,N fixers,NA,NA,0.364128563,0.006540306,NA,-4.4
73,0.411865051,0.368218109,674,2.799,721,AM,N fixers,NA,NA,0.364128563,0.006540306,NA,-4.4
74,0.411865051,0.368218109,675,NA,722,AM,non-N fixers,NA,NA,0.364128563,0.006540306,NA,-4.4
75,0.411865051,0.368218109,676,6.209,723,NM,N fixers,NA,NA,0.364128563,0.006540306,NA,-3.82
76,0.411865051,0.368218109,677,5.773,724,AM,non-N fixers,NA,NA,0.364128563,0.006540306,NA,-4.4
77,0.411865051,0.368218109,678,NA,725,AM,non-N fixers,NA,NA,0.364128563,0.006540306,NA,-4.4
78,0.411865051,0.368218109,679,2.222,726,AM,non-N fixers,NA,NA,0.364128563,0.006540306,NA,-4.4
48,0.362932974,0.387795905,680,3.776,727,AM,non-N fixers,NA,NA,0.383488922,0.004464055,NA,-4.4
49,0.362932974,0.387795905,681,NA,728,AM,non-N fixers,NA,NA,0.383488922,0.004464055,NA,-4.4
50,0.362932974,0.387795905,682,NA,729,AM,non-N fixers,NA,NA,0.383488922,0.004464055,NA,-4.4
51,0.362932974,0.387795905,683,2.647,730,AM,non-N fixers,NA,NA,0.383488922,0.004464055,NA,-4.4
52,0.362932974,0.387795905,684,NA,731,AM,N fixers,NA,NA,0.383488922,0.004464055,NA,-4.4
53,0.362932974,0.387795905,685,NA,732,NM,non-N fixers,NA,NA,0.383488922,0.004464055,NA,-3.82
54,0.362932974,0.387795905,686,1.823,733,AM,N fixers,NA,NA,0.383488922,0.004464055,NA,-4.4
55,0.362932974,0.387795905,687,2.928,734,AM,N fixers,NA,NA,0.383488922,0.004464055,NA,-4.4
56,0.362932974,0.387795905,688,2.22,735,AM,N fixers,NA,NA,0.383488922,0.004464055,NA,-4.4
57,0.362932974,0.387795905,689,NA,736,NM,non-N fixers,NA,NA,0.383488922,0.004464055,NA,-3.82
58,0.362932974,0.387795905,690,NA,737,NM,non-N fixers,NA,NA,0.383488922,0.004464055,NA,-3.82
59,0.362932974,0.387795905,691,NA,738,AM,non-N fixers,NA,NA,0.383488922,0.004464055,NA,-4.4
60,0.362932974,0.387795905,692,NA,739,AM,non-N fixers,NA,NA,0.383488922,0.004464055,NA,-4.4
61,0.362932974,0.387795905,693,NA,740,AM,non-N fixers,NA,NA,0.383488922,0.004464055,NA,-4.4
62,0.362932974,0.387795905,694,NA,741,NM,non-N fixers,NA,NA,0.383488922,0.004464055,NA,-3.82
63,0.362932974,0.387795905,695,2.23,742,AM,non-N fixers,NA,NA,0.383488922,0.004464055,NA,-4.4
64,0.362932974,0.387795905,696,7.011,743,AM,non-N fixers,NA,NA,0.383488922,0.004464055,NA,-4.4
65,0.362932974,0.387795905,697,3.274,744,AM,non-N fixers,NA,NA,0.383488922,0.004464055,NA,-4.4
66,0.362932974,0.387795905,698,NA,745,AM,non-N fixers,NA,NA,0.383488922,0.004464055,NA,-4.4
67,0.362932974,0.387795905,699,1.988,746,AM,non-N fixers,NA,NA,0.383488922,0.004464055,NA,-4.4
68,0.362932974,0.387795905,700,NA,747,NM,non-N fixers,NA,NA,0.383488922,0.004464055,NA,-3.82
32,0.349786929,0.396291841,701,NA,748,AM,non-N fixers,NA,NA,0.3918905,0.004010199,NA,-4.4
33,0.349786929,0.396291841,702,2.515,749,AM,non-N fixers,NA,NA,0.3918905,0.004010199,NA,-4.4
34,0.349786929,0.396291841,703,2.285,750,AM,non-N fixers,NA,NA,0.3918905,0.004010199,NA,-4.4
35,0.349786929,0.396291841,704,2.6,751,AM,N fixers,NA,NA,0.3918905,0.004010199,NA,-4.4
36,0.349786929,0.396291841,705,1.785,752,AM,N fixers,NA,NA,0.3918905,0.004010199,NA,-4.4
37,0.349786929,0.396291841,706,1.922,753,NM,non-N fixers,NA,NA,0.3918905,0.004010199,NA,-3.82
38,0.349786929,0.396291841,707,2.545,754,AM,non-N fixers,NA,NA,0.3918905,0.004010199,NA,-4.4
39,0.349786929,0.396291841,708,NA,755,AM,non-N fixers,NA,NA,0.3918905,0.004010199,NA,-4.4
40,0.349786929,0.396291841,709,NA,756,AM,non-N fixers,NA,NA,0.3918905,0.004010199,NA,-4.4
41,0.349786929,0.396291841,710,NA,757,AM,non-N fixers,NA,NA,0.3918905,0.004010199,NA,-4.4
42,0.349786929,0.396291841,711,NA,758,NM,non-N fixers,NA,NA,0.3918905,0.004010199,NA,-3.82
43,0.349786929,0.396291841,712,NA,759,AM,non-N fixers,NA,NA,0.3918905,0.004010199,NA,-4.4
44,0.349786929,0.396291841,713,5.66,760,AM,non-N fixers,NA,NA,0.3918905,0.004010199,NA,-4.4
45,0.349786929,0.396291841,714,NA,761,AM,non-N fixers,NA,NA,0.3918905,0.004010199,NA,-4.4
46,0.349786929,0.396291841,715,NA,762,AM,non-N fixers,NA,NA,0.3918905,0.004010199,NA,-4.4
47,0.349786929,0.396291841,716,1.365,763,AM,non-N fixers,NA,NA,0.3918905,0.004010199,NA,-4.4
1,0.325873316,0.409290799,717,0.897,764,AM,non-N fixers,NA,NA,0.404745088,0.003526994,NA,-4.4
2,0.325873316,0.409290799,718,2.212,765,AM,non-N fixers,NA,NA,0.404745088,0.003526994,NA,-4.4
3,0.325873316,0.409290799,719,NA,766,AM,non-N fixers,NA,NA,0.404745088,0.003526994,NA,-4.4
4,0.325873316,0.409290799,720,0.369,767,AM,non-N fixers,NA,NA,0.404745088,0.003526994,NA,-4.4
5,0.325873316,0.409290799,721,NA,768,AM,non-N fixers,NA,NA,0.404745088,0.003526994,NA,-4.4
6,0.325873316,0.409290799,722,NA,769,NM,non-N fixers,NA,NA,0.404745088,0.003526994,NA,-3.82
7,0.325873316,0.409290799,723,NA,770,NM,non-N fixers,NA,NA,0.404745088,0.003526994,NA,-3.82
8,0.325873316,0.409290799,724,0.455,771,AM,non-N fixers,NA,NA,0.404745088,0.003526994,NA,-4.4
9,0.325873316,0.409290799,725,4.441,772,AM,non-N fixers,NA,NA,0.404745088,0.003526994,NA,-4.4
10,0.325873316,0.409290799,726,NA,773,AM,non-N fixers,NA,NA,0.404745088,0.003526994,NA,-4.4
11,0.325873316,0.409290799,727,2.852,774,AM,N fixers,NA,NA,0.404745088,0.003526994,NA,-4.4
12,0.325873316,0.409290799,728,4.607,775,AM,non-N fixers,NA,NA,0.404745088,0.003526994,NA,-4.4
13,0.325873316,0.409290799,729,NA,776,AM,non-N fixers,NA,NA,0.404745088,0.003526994,NA,-4.4
14,0.325873316,0.409290799,730,NA,777,AM,non-N fixers,NA,NA,0.404745088,0.003526994,NA,-4.4
15,0.325873316,0.409290799,731,0.523,778,AM,non-N fixers,NA,NA,0.404745088,0.003526994,NA,-4.4
16,0.326227924,0.419214299,732,NA,779,AM,non-N fixers,NA,NA,0.414558374,0.00352883,NA,-4.4
17,0.326227924,0.419214299,733,1.404,780,AM,non-N fixers,NA,NA,0.414558374,0.00352883,NA,-4.4
18,0.326227924,0.419214299,734,1.382,781,AM,non-N fixers,NA,NA,0.414558374,0.00352883,NA,-4.4
19,0.326227924,0.419214299,735,NA,782,AM,N fixers,NA,NA,0.414558374,0.00352883,NA,-4.4
20,0.326227924,0.419214299,736,1.563,783,AM,N fixers,NA,NA,0.414558374,0.00352883,NA,-4.4
21,0.326227924,0.419214299,737,0.513,784,NM,non-N fixers,NA,NA,0.414558374,0.00352883,NA,-3.82
22,0.326227924,0.419214299,738,NA,785,AM,non-N fixers,NA,NA,0.414558374,0.00352883,NA,-4.4
23,0.326227924,0.419214299,739,NA,786,AM,non-N fixers,NA,NA,0.414558374,0.00352883,NA,-4.4
24,0.326227924,0.419214299,740,NA,787,AM,non-N fixers,NA,NA,0.414558374,0.00352883,NA,-4.4
25,0.326227924,0.419214299,741,NA,788,AM,non-N fixers,NA,NA,0.414558374,0.00352883,NA,-4.4
26,0.326227924,0.419214299,742,4.997,789,AM,non-N fixers,NA,NA,0.414558374,0.00352883,NA,-4.4
27,0.326227924,0.419214299,743,NA,790,AM,non-N fixers,NA,NA,0.414558374,0.00352883,NA,-4.4
28,0.326227924,0.419214299,744,4.14,791,AM,non-N fixers,NA,NA,0.414558374,0.00352883,NA,-4.4
29,0.326227924,0.419214299,745,NA,792,AM,non-N fixers,NA,NA,0.414558374,0.00352883,NA,-4.4
30,0.326227924,0.419214299,746,1.212,793,AM,non-N fixers,NA,NA,0.414558374,0.00352883,NA,-4.4
31,0.326227924,0.419214299,747,NA,794,NM,non-N fixers,NA,NA,0.414558374,0.00352883,NA,-3.82