"","ftem_old","X","frunoff_old","number","d15N.14N","SAMPLE.ID","Mycorrhizal.type","Nitrogen.fix","frunoff","ftmean","ftemp_new","frunoff_new","MAP..mm.","Ninput","MAP","nitrogenisotope"
"112",0.262606376,382,0.688351438,1,NA,1,"AM","non-N fixers",0.083153891,0.259689787,0.259689787,0.083153891,398.38,-4.4,398.38,1.31871743052501
"113",0.262606376,383,0.688351438,2,-2.863,2,"AM","non-N fixers",0.075444517,0.270520779,0.259689787,0.083153891,380.18,-4.4,398.38,1.31871743052501
"114",0.262606376,384,0.688351438,3,-3.057,3,"AM","non-N fixers",0.221790801,0.292315371,0.259689787,0.083153891,555.22,-4.4,398.38,1.31871743052501
"115",0.262606376,385,0.688351438,4,NA,4,"AM","non-N fixers",0.238123396,0.270004001,0.259689787,0.083153891,582.84,-4.4,398.38,1.31871743052501
"116",0.262606376,386,0.688351438,5,NA,5,"AM","N fixers",0.244382717,0.258850928,0.259689787,0.083153891,568.01,-4.4,398.38,1.31871743052501
"117",0.262606376,387,0.688351438,6,-2.167,6,"AM","N fixers",0.229746557,0.269639074,0.259689787,0.083153891,568.96,-4.4,398.38,1.31871743052501
"118",0.262606376,388,0.688351438,7,-2.518,7,"NM","non-N fixers",0.228644041,0.284790858,0.259689787,0.083153891,554.73,-3.82,398.38,1.31871743052501
"119",0.262606376,389,0.688351438,8,NA,8,"AM","non-N fixers",0.301681784,0.252947761,0.259689787,0.083153891,635.3,-4.4,398.38,1.31871743052501
"120",0.262606376,390,0.688351438,9,NA,9,"AM","non-N fixers",0.3821183,0.283520435,0.259689787,0.083153891,709.95,-4.4,398.38,1.31871743052501
"121",0.262606376,391,0.688351438,10,-2.984,10,"AM","N fixers",0.287074769,0.316500802,0.259689787,0.083153891,621.93,-4.4,398.38,1.31871743052501
"122",0.262606376,392,0.688351438,11,NA,11,"AM","non-N fixers",0.103777822,0.330495592,0.259689787,0.083153891,418.94,-4.4,398.38,1.31871743052501
"123",0.262606376,393,0.688351438,12,NA,12,"AM","non-N fixers",0.103288303,0.330609785,0.259689787,0.083153891,419.86,-4.4,398.38,1.31871743052501
"124",0.262606376,394,0.688351438,13,NA,13,"AM","non-N fixers",0.070080933,0.343962486,0.259689787,0.083153891,368.46,-4.4,398.38,1.31871743052501
"125",0.262606376,395,0.688351438,14,NA,14,"AM","non-N fixers",0.068500357,0.344767954,0.259689787,0.083153891,365.25,-4.4,398.38,1.31871743052501
"126",0.262606376,396,0.688351438,15,-1.772,15,"AM","non-N fixers",0.076888882,0.31783201,0.259689787,0.083153891,382.19,-4.4,398.38,1.31871743052501
"127",0.262606376,397,0.688351438,16,-2.961,17,"AM","non-N fixers",0.071404853,0.332217196,0.259689787,0.083153891,371.17,-4.4,398.38,1.31871743052501
"220",0.273559011,290,0.676393386,17,-0.611,20,"AM","non-N fixers",0.076794955,0.306167706,0.270520779,0.075444517,384.15,-4.4,380.18,1.55880811886304
"221",0.273559011,291,0.676393386,18,NA,22,"AM","non-N fixers",0.075976391,0.299283306,0.270520779,0.075444517,383.95,-4.4,380.18,1.55880811886304
"222",0.273559011,292,0.676393386,19,-1.64,23,"AM","non-N fixers",0.0675192,0.319695475,0.270520779,0.075444517,367,-4.4,380.18,1.55880811886304
"223",0.273559011,293,0.676393386,20,-2.845,24,"AM","non-N fixers",0.071842668,0.296411645,0.270520779,0.075444517,376.77,-4.4,380.18,1.55880811886304
"224",0.273559011,294,0.676393386,21,NA,25,"AM","non-N fixers",0.082249289,0.249246249,0.270520779,0.075444517,400.52,-4.4,380.18,1.55880811886304
"225",0.273559011,295,0.676393386,22,-1.918,26,"AM","non-N fixers",0.065139543,0.257856735,0.270520779,0.075444517,370.36,-4.4,380.18,1.55880811886304
"226",0.273559011,296,0.676393386,23,-0.961,28,"AM","N fixers",0.055302827,0.265716397,0.270520779,0.075444517,350.54,-4.4,380.18,1.55880811886304
"227",0.273559011,297,0.676393386,24,-1.654,29,"AM","N fixers",0.049879373,0.277792524,0.270520779,0.075444517,337.67,-4.4,380.18,1.55880811886304
"228",0.273559011,298,0.676393386,25,NA,30,"AM","N fixers",0.040596961,0.284785811,0.270520779,0.075444517,316.03,-4.4,380.18,1.55880811886304
"229",0.273559011,299,0.676393386,26,-2.413,31,"NM","non-N fixers",0.022787755,0.300488939,0.270520779,0.075444517,263.23,-3.82,380.18,1.55880811886304
"230",0.273559011,300,0.676393386,27,NA,32,"AM","non-N fixers",0.014373157,0.318939085,0.270520779,0.075444517,227.09,-4.4,380.18,1.55880811886304
"231",0.273559011,301,0.676393386,28,NA,33,"AM","non-N fixers",0.009711629,0.333702809,0.270520779,0.075444517,200.2,-4.4,380.18,1.55880811886304
"232",0.273559011,302,0.676393386,29,NA,34,"AM","non-N fixers",0.006540306,0.364128563,0.270520779,0.075444517,175.71,-4.4,380.18,1.55880811886304
"233",0.273559011,303,0.676393386,30,NA,35,"AM","non-N fixers",0.004464055,0.383488922,0.270520779,0.075444517,155.12,-4.4,380.18,1.55880811886304
"234",0.273559011,304,0.676393386,31,NA,36,"AM","non-N fixers",0.004010199,0.3918905,0.270520779,0.075444517,151.04,-4.4,380.18,1.55880811886304
"235",0.273559011,305,0.676393386,32,NA,37,"AM","non-N fixers",0.003526994,0.404745088,0.270520779,0.075444517,145.05,-4.4,380.18,1.55880811886304
"236",0.273559011,306,0.676393386,33,NA,38,"AM","N fixers",0.00352883,0.414558374,0.270520779,0.075444517,145.18,-4.4,380.18,1.55880811886304
"237",0.273559011,307,0.676393386,34,NA,39,"NM","non-N fixers",NA,NA,0.270520779,0.075444517,NA,-3.82,380.18,1.55880811886304
"238",0.273559011,308,0.676393386,35,-0.94,40,"AM","non-N fixers",NA,NA,0.270520779,0.075444517,NA,-4.4,380.18,1.55880811886304
"239",0.273559011,309,0.676393386,36,-1.824,41,"AM","N fixers",NA,NA,0.270520779,0.075444517,NA,-4.4,380.18,1.55880811886304
"240",0.273559011,310,0.676393386,37,0.068,42,"AM","N fixers",NA,NA,0.270520779,0.075444517,NA,-4.4,380.18,1.55880811886304
"241",0.273559011,311,0.676393386,38,NA,43,"AM","N fixers",NA,NA,0.270520779,0.075444517,NA,-4.4,380.18,1.55880811886304
"242",0.273559011,312,0.676393386,39,NA,44,"AM","non-N fixers",NA,NA,0.270520779,0.075444517,NA,-4.4,380.18,1.55880811886304
"243",0.273559011,313,0.676393386,40,NA,46,"AM","non-N fixers",NA,NA,0.270520779,0.075444517,NA,-4.4,380.18,1.55880811886304
"244",0.273559011,314,0.676393386,41,NA,47,"AM","non-N fixers",NA,NA,0.270520779,0.075444517,NA,-4.4,380.18,1.55880811886304
"245",0.273559011,315,0.676393386,42,NA,48,"AM","non-N fixers",NA,NA,0.270520779,0.075444517,NA,-4.4,380.18,1.55880811886304
"246",0.273559011,316,0.676393386,43,-3.478,49,"AM","non-N fixers",NA,NA,0.270520779,0.075444517,NA,-4.4,380.18,1.55880811886304
"247",0.273559011,317,0.676393386,44,NA,50,"AM","non-N fixers",NA,NA,0.270520779,0.075444517,NA,-4.4,380.18,1.55880811886304
"248",0.273559011,318,0.676393386,45,-0.821,51,"AM","non-N fixers",NA,NA,0.270520779,0.075444517,NA,-4.4,380.18,1.55880811886304
"249",0.273559011,319,0.676393386,46,-1.828,52,"AM","non-N fixers",NA,NA,0.270520779,0.075444517,NA,-4.4,380.18,1.55880811886304
"250",0.273559011,320,0.676393386,47,NA,53,"AM","non-N fixers",NA,NA,0.270520779,0.075444517,NA,-4.4,380.18,1.55880811886304
"251",0.273559011,321,0.676393386,48,NA,54,"AM","non-N fixers",NA,NA,0.270520779,0.075444517,NA,-4.4,380.18,1.55880811886304
"252",0.273559011,322,0.676393386,49,NA,55,"AM","non-N fixers",NA,NA,0.270520779,0.075444517,NA,-4.4,380.18,1.55880811886304
"253",0.273559011,323,0.676393386,50,NA,56,"AM","non-N fixers",NA,NA,0.270520779,0.075444517,NA,-4.4,380.18,1.55880811886304
"254",0.273559011,324,0.676393386,51,NA,57,"NM","non-N fixers",NA,NA,0.270520779,0.075444517,NA,-3.82,380.18,1.55880811886304
"385",0.295598379,492,0.769606948,52,-4.025,63,"AM","non-N fixers",NA,NA,0.292315371,0.221790801,NA,-4.4,555.22,-0.14918568305228
"386",0.295598379,493,0.769606948,53,NA,64,"NM","non-N fixers",NA,NA,0.292315371,0.221790801,NA,-3.82,555.22,-0.14918568305228
"387",0.295598379,494,0.769606948,54,-2.58,65,"ECM","non-N fixers",NA,NA,0.292315371,0.221790801,NA,-6.14,555.22,-0.14918568305228
"388",0.295598379,495,0.769606948,55,-3.585,66,"NM","non-N fixers",NA,NA,0.292315371,0.221790801,NA,-3.82,555.22,-0.14918568305228
"389",0.295598379,496,0.769606948,56,NA,67,"AM","non-N fixers",NA,NA,0.292315371,0.221790801,NA,-4.4,555.22,-0.14918568305228
"390",0.295598379,497,0.769606948,57,-2.835,68,"ECM","non-N fixers",NA,NA,0.292315371,0.221790801,NA,-6.14,555.22,-0.14918568305228
"391",0.295598379,498,0.769606948,58,NA,69,"AM","non-N fixers",NA,NA,0.292315371,0.221790801,NA,-4.4,555.22,-0.14918568305228
"392",0.295598379,499,0.769606948,59,-3.129,70,"AM","non-N fixers",NA,NA,0.292315371,0.221790801,NA,-4.4,555.22,-0.14918568305228
"393",0.295598379,500,0.769606948,60,-2.823,71,"AM","non-N fixers",NA,NA,0.292315371,0.221790801,NA,-4.4,555.22,-0.14918568305228
"394",0.295598379,501,0.769606948,61,NA,72,"AM","non-N fixers",NA,NA,0.292315371,0.221790801,NA,-4.4,555.22,-0.14918568305228
"395",0.295598379,502,0.769606948,62,-2.785,73,"AM","N fixers",NA,NA,0.292315371,0.221790801,NA,-4.4,555.22,-0.14918568305228
"396",0.295598379,503,0.769606948,63,-5.003,74,"AM","non-N fixers",NA,NA,0.292315371,0.221790801,NA,-4.4,555.22,-0.14918568305228
"397",0.295598379,504,0.769606948,64,-2.289333333,75,"AM","non-N fixers",NA,NA,0.292315371,0.221790801,NA,-4.4,555.22,-0.14918568305228
"398",0.295598379,505,0.769606948,65,-3.297,76,"ECM","non-N fixers",NA,NA,0.292315371,0.221790801,NA,-6.14,555.22,-0.14918568305228
"399",0.295598379,506,0.769606948,66,-2.007,77,"AM","N fixers",NA,NA,0.292315371,0.221790801,NA,-4.4,555.22,-0.14918568305228
"400",0.295598379,507,0.769606948,67,-2.425,78,"AM","non-N fixers",NA,NA,0.292315371,0.221790801,NA,-4.4,555.22,-0.14918568305228
"401",0.295598379,508,0.769606948,68,-3.642,79,"AM","non-N fixers",NA,NA,0.292315371,0.221790801,NA,-4.4,555.22,-0.14918568305228
"402",0.295598379,509,0.769606948,69,NA,80,"NM","non-N fixers",NA,NA,0.292315371,0.221790801,NA,-3.82,555.22,-0.14918568305228
"403",0.295598379,510,0.769606948,70,-1.328,81,"AM","non-N fixers",NA,NA,0.292315371,0.221790801,NA,-4.4,555.22,-0.14918568305228
"404",0.295598379,511,0.769606948,71,-4.002,82,"ECM","non-N fixers",NA,NA,0.292315371,0.221790801,NA,-6.14,555.22,-0.14918568305228
"405",0.295598379,512,0.769606948,72,-2.974,83,"ECM","non-N fixers",NA,NA,0.292315371,0.221790801,NA,-6.14,555.22,-0.14918568305228
"406",0.295598379,513,0.769606948,73,-3.33,84,"ECM","non-N fixers",NA,NA,0.292315371,0.221790801,NA,-6.14,555.22,-0.14918568305228
"407",0.295598379,514,0.769606948,74,NA,85,"NM","non-N fixers",NA,NA,0.292315371,0.221790801,NA,-3.82,555.22,-0.14918568305228
"408",0.295598379,515,0.769606948,75,NA,86,"AM","non-N fixers",NA,NA,0.292315371,0.221790801,NA,-4.4,555.22,-0.14918568305228
"195",0.273036429,603,0.778084255,76,-2.762,87,"AM","non-N fixers",NA,NA,0.270004001,0.238123396,NA,-4.4,582.84,-0.376979612768432
"196",0.273036429,604,0.778084255,77,-3.402,88,"AM","non-N fixers",NA,NA,0.270004001,0.238123396,NA,-4.4,582.84,-0.376979612768432
"197",0.273036429,605,0.778084255,78,-0.162,89,"AM","non-N fixers",NA,NA,0.270004001,0.238123396,NA,-4.4,582.84,-0.376979612768432
"198",0.273036429,606,0.778084255,79,-2.944,90,"AM","non-N fixers",NA,NA,0.270004001,0.238123396,NA,-4.4,582.84,-0.376979612768432
"199",0.273036429,607,0.778084255,80,-2.526,91,"NM","non-N fixers",NA,NA,0.270004001,0.238123396,NA,-3.82,582.84,-0.376979612768432
"200",0.273036429,608,0.778084255,81,-1.466,93,"AM","non-N fixers",NA,NA,0.270004001,0.238123396,NA,-4.4,582.84,-0.376979612768432
"201",0.273036429,609,0.778084255,82,1.122,94,"AM","non-N fixers",NA,NA,0.270004001,0.238123396,NA,-4.4,582.84,-0.376979612768432
"202",0.273036429,610,0.778084255,83,-3.131,95,"AM","non-N fixers",NA,NA,0.270004001,0.238123396,NA,-4.4,582.84,-0.376979612768432
"203",0.273036429,611,0.778084255,84,NA,96,"AM","non-N fixers",NA,NA,0.270004001,0.238123396,NA,-4.4,582.84,-0.376979612768432
"204",0.273036429,612,0.778084255,85,-2.886,97,"AM","non-N fixers",NA,NA,0.270004001,0.238123396,NA,-4.4,582.84,-0.376979612768432
"205",0.273036429,613,0.778084255,86,-1.023,98,"AM","N fixers",NA,NA,0.270004001,0.238123396,NA,-4.4,582.84,-0.376979612768432
"206",0.273036429,614,0.778084255,87,-4.062,99,"AM","N fixers",NA,NA,0.270004001,0.238123396,NA,-4.4,582.84,-0.376979612768432
"207",0.273036429,615,0.778084255,88,NA,100,"ECM","non-N fixers",NA,NA,0.270004001,0.238123396,NA,-6.14,582.84,-0.376979612768432
"208",0.273036429,616,0.778084255,89,NA,101,"AM","non-N fixers",NA,NA,0.270004001,0.238123396,NA,-4.4,582.84,-0.376979612768432
"209",0.273036429,617,0.778084255,90,-2.066,102,"AM","non-N fixers",NA,NA,0.270004001,0.238123396,NA,-4.4,582.84,-0.376979612768432
"210",0.273036429,618,0.778084255,91,NA,103,"AM","N fixers",NA,NA,0.270004001,0.238123396,NA,-4.4,582.84,-0.376979612768432
"211",0.273036429,619,0.778084255,92,0.006,104,"ECM","non-N fixers",NA,NA,0.270004001,0.238123396,NA,-6.14,582.84,-0.376979612768432
"212",0.273036429,620,0.778084255,93,NA,105,"AM","non-N fixers",NA,NA,0.270004001,0.238123396,NA,-4.4,582.84,-0.376979612768432
"213",0.273036429,621,0.778084255,94,-3.4,106,"NM","non-N fixers",NA,NA,0.270004001,0.238123396,NA,-3.82,582.84,-0.376979612768432
"214",0.273036429,622,0.778084255,95,NA,107,"AM","non-N fixers",NA,NA,0.270004001,0.238123396,NA,-4.4,582.84,-0.376979612768432
"215",0.273036429,623,0.778084255,96,NA,108,"AM","non-N fixers",NA,NA,0.270004001,0.238123396,NA,-4.4,582.84,-0.376979612768432
"216",0.273036429,624,0.778084255,97,-2.573,109,"ECM","non-N fixers",NA,NA,0.270004001,0.238123396,NA,-6.14,582.84,-0.376979612768432
"217",0.273036429,625,0.778084255,98,NA,110,"NM","non-N fixers",NA,NA,0.270004001,0.238123396,NA,-3.82,582.84,-0.376979612768432
"218",0.273036429,626,0.778084255,99,0.882,111,"AM","N fixers",NA,NA,0.270004001,0.238123396,NA,-4.4,582.84,-0.376979612768432
"219",0.273036429,627,0.778084255,100,NA,112,"AM","non-N fixers",NA,NA,0.270004001,0.238123396,NA,-4.4,582.84,-0.376979612768432
"70",0.261758095,516,0.774572147,101,-3.097,113,"AM","non-N fixers",NA,NA,0.258850928,0.244382717,NA,-4.4,568.01,-0.475781030422671
"71",0.261758095,517,0.774572147,102,NA,114,"AM","non-N fixers",NA,NA,0.258850928,0.244382717,NA,-4.4,568.01,-0.475781030422671
"72",0.261758095,518,0.774572147,103,NA,115,"AM","non-N fixers",NA,NA,0.258850928,0.244382717,NA,-4.4,568.01,-0.475781030422671
"73",0.261758095,519,0.774572147,104,-3.662,116,"AM","non-N fixers",NA,NA,0.258850928,0.244382717,NA,-4.4,568.01,-0.475781030422671
"74",0.261758095,520,0.774572147,105,NA,117,"AM","non-N fixers",NA,NA,0.258850928,0.244382717,NA,-4.4,568.01,-0.475781030422671
"75",0.261758095,521,0.774572147,106,-2.655,118,"NM","non-N fixers",NA,NA,0.258850928,0.244382717,NA,-3.82,568.01,-0.475781030422671
"76",0.261758095,522,0.774572147,107,-2.042,119,"ECM","non-N fixers",NA,NA,0.258850928,0.244382717,NA,-6.14,568.01,-0.475781030422671
"77",0.261758095,523,0.774572147,108,-4.644,120,"ECM","non-N fixers",NA,NA,0.258850928,0.244382717,NA,-6.14,568.01,-0.475781030422671
"78",0.261758095,524,0.774572147,109,NA,121,"AM","non-N fixers",NA,NA,0.258850928,0.244382717,NA,-4.4,568.01,-0.475781030422671
"79",0.261758095,525,0.774572147,110,NA,122,"AM","non-N fixers",NA,NA,0.258850928,0.244382717,NA,-4.4,568.01,-0.475781030422671
"80",0.261758095,526,0.774572147,111,1.638,123,"NM","non-N fixers",NA,NA,0.258850928,0.244382717,NA,-3.82,568.01,-0.475781030422671
"81",0.261758095,527,0.774572147,112,-3.837,124,"NM","non-N fixers",NA,NA,0.258850928,0.244382717,NA,-3.82,568.01,-0.475781030422671
"82",0.261758095,528,0.774572147,113,NA,125,"ECM","non-N fixers",NA,NA,0.258850928,0.244382717,NA,-6.14,568.01,-0.475781030422671
"83",0.261758095,529,0.774572147,114,NA,126,"AM","non-N fixers",NA,NA,0.258850928,0.244382717,NA,-4.4,568.01,-0.475781030422671
"84",0.261758095,530,0.774572147,115,NA,127,"AM","non-N fixers",NA,NA,0.258850928,0.244382717,NA,-4.4,568.01,-0.475781030422671
"85",0.261758095,531,0.774572147,116,-2.19,128,"AM","non-N fixers",NA,NA,0.258850928,0.244382717,NA,-4.4,568.01,-0.475781030422671
"86",0.261758095,532,0.774572147,117,1.612,129,"NM","N fixers",NA,NA,0.258850928,0.244382717,NA,-3.82,568.01,-0.475781030422671
"87",0.261758095,533,0.774572147,118,NA,130,"AM","non-N fixers",NA,NA,0.258850928,0.244382717,NA,-4.4,568.01,-0.475781030422671
"88",0.261758095,534,0.774572147,119,-2.049,NA,"AM","non-N fixers",NA,NA,0.258850928,0.244382717,NA,-4.4,568.01,-0.475781030422671
"89",0.261758095,535,0.774572147,120,0.412,132,"NM","non-N fixers",NA,NA,0.258850928,0.244382717,NA,-3.82,568.01,-0.475781030422671
"90",0.261758095,536,0.774572147,121,NA,133,"AM","non-N fixers",NA,NA,0.258850928,0.244382717,NA,-4.4,568.01,-0.475781030422671
"91",0.261758095,537,0.774572147,122,-2.066,134,"ECM","non-N fixers",NA,NA,0.258850928,0.244382717,NA,-6.14,568.01,-0.475781030422671
"92",0.261758095,538,0.774572147,123,-2.531,135,"AM","N fixers",NA,NA,0.258850928,0.244382717,NA,-4.4,568.01,-0.475781030422671
"93",0.261758095,539,0.774572147,124,-2.083,136,"AM","non-N fixers",NA,NA,0.258850928,0.244382717,NA,-4.4,568.01,-0.475781030422671
"94",0.261758095,540,0.774572147,125,-1.729,137,"AM","N fixers",NA,NA,0.258850928,0.244382717,NA,-4.4,568.01,-0.475781030422671
"95",0.261758095,541,0.774572147,126,NA,138,"AM","non-N fixers",NA,NA,0.258850928,0.244382717,NA,-4.4,568.01,-0.475781030422671
"96",0.261758095,542,0.774572147,127,NA,139,"AM","non-N fixers",NA,NA,0.258850928,0.244382717,NA,-4.4,568.01,-0.475781030422671
"97",0.261758095,543,0.774572147,128,NA,140,"AM","non-N fixers",NA,NA,0.258850928,0.244382717,NA,-4.4,568.01,-0.475781030422671
"98",0.261758095,544,0.774572147,129,-1.313,141,"AM","non-N fixers",NA,NA,0.258850928,0.244382717,NA,-4.4,568.01,-0.475781030422671
"99",0.261758095,545,0.774572147,130,NA,142,"NM","non-N fixers",NA,NA,0.258850928,0.244382717,NA,-3.82,568.01,-0.475781030422671
"100",0.261758095,546,0.774572147,131,-2.164,143,"AM","N fixers",NA,NA,0.258850928,0.244382717,NA,-4.4,568.01,-0.475781030422671
"101",0.261758095,547,0.774572147,132,0.397,144,"ECM","non-N fixers",NA,NA,0.258850928,0.244382717,NA,-6.14,568.01,-0.475781030422671
"102",0.261758095,548,0.774572147,133,-2.878,145,"AM","non-N fixers",NA,NA,0.258850928,0.244382717,NA,-4.4,568.01,-0.475781030422671
"103",0.261758095,549,0.774572147,134,NA,146,"NM","non-N fixers",NA,NA,0.258850928,0.244382717,NA,-3.82,568.01,-0.475781030422671
"104",0.261758095,550,0.774572147,135,-0.711,147,"AM","non-N fixers",NA,NA,0.258850928,0.244382717,NA,-4.4,568.01,-0.475781030422671
"105",0.261758095,551,0.774572147,136,0.489,148,"ECM","non-N fixers",NA,NA,0.258850928,0.244382717,NA,-6.14,568.01,-0.475781030422671
"106",0.261758095,552,0.774572147,137,-2.438,149,"AM","non-N fixers",NA,NA,0.258850928,0.244382717,NA,-4.4,568.01,-0.475781030422671
"107",0.261758095,553,0.774572147,138,NA,150,"AM","non-N fixers",NA,NA,0.258850928,0.244382717,NA,-4.4,568.01,-0.475781030422671
"108",0.261758095,554,0.774572147,139,-2.078,151,"ECM","non-N fixers",NA,NA,0.258850928,0.244382717,NA,-6.14,568.01,-0.475781030422671
"109",0.261758095,555,0.774572147,140,NA,152,"ECM","non-N fixers",NA,NA,0.258850928,0.244382717,NA,-6.14,568.01,-0.475781030422671
"110",0.261758095,556,0.774572147,141,-5.209,153,"AM","non-N fixers",NA,NA,0.258850928,0.244382717,NA,-4.4,568.01,-0.475781030422671
"111",0.261758095,557,0.774572147,142,-0.675,154,"AM","N fixers",NA,NA,0.258850928,0.244382717,NA,-4.4,568.01,-0.475781030422671
"150",0.272667404,558,0.774965585,143,-1.993,155,"AM","non-N fixers",NA,NA,0.269639074,0.229746557,NA,-4.4,568.96,-0.325946270991694
"151",0.272667404,559,0.774965585,144,-4.511,156,"AM","non-N fixers",NA,NA,0.269639074,0.229746557,NA,-4.4,568.96,-0.325946270991694
"152",0.272667404,560,0.774965585,145,NA,157,"AM","non-N fixers",NA,NA,0.269639074,0.229746557,NA,-4.4,568.96,-0.325946270991694
"153",0.272667404,561,0.774965585,146,NA,158,"AM","non-N fixers",NA,NA,0.269639074,0.229746557,NA,-4.4,568.96,-0.325946270991694
"154",0.272667404,562,0.774965585,147,NA,159,"AM","non-N fixers",NA,NA,0.269639074,0.229746557,NA,-4.4,568.96,-0.325946270991694
"155",0.272667404,563,0.774965585,148,NA,160,"AM","non-N fixers",NA,NA,0.269639074,0.229746557,NA,-4.4,568.96,-0.325946270991694
"156",0.272667404,564,0.774965585,149,NA,161,"AM","non-N fixers",NA,NA,0.269639074,0.229746557,NA,-4.4,568.96,-0.325946270991694
"157",0.272667404,565,0.774965585,150,NA,162,"AM","non-N fixers",NA,NA,0.269639074,0.229746557,NA,-4.4,568.96,-0.325946270991694
"158",0.272667404,566,0.774965585,151,-3.424,163,"NM","non-N fixers",NA,NA,0.269639074,0.229746557,NA,-3.82,568.96,-0.325946270991694
"159",0.272667404,567,0.774965585,152,-3.013,164,"ECM","non-N fixers",NA,NA,0.269639074,0.229746557,NA,-6.14,568.96,-0.325946270991694
"160",0.272667404,568,0.774965585,153,-0.457,165,"AM","non-N fixers",NA,NA,0.269639074,0.229746557,NA,-4.4,568.96,-0.325946270991694
"161",0.272667404,569,0.774965585,154,NA,166,"NM","non-N fixers",NA,NA,0.269639074,0.229746557,NA,-3.82,568.96,-0.325946270991694
"162",0.272667404,570,0.774965585,155,-1.307,167,"NM","non-N fixers",NA,NA,0.269639074,0.229746557,NA,-3.82,568.96,-0.325946270991694
"163",0.272667404,571,0.774965585,156,NA,168,"NM","non-N fixers",NA,NA,0.269639074,0.229746557,NA,-3.82,568.96,-0.325946270991694
"164",0.272667404,572,0.774965585,157,NA,170,"AM","non-N fixers",NA,NA,0.269639074,0.229746557,NA,-4.4,568.96,-0.325946270991694
"165",0.272667404,573,0.774965585,158,NA,171,"NM","non-N fixers",NA,NA,0.269639074,0.229746557,NA,-3.82,568.96,-0.325946270991694
"166",0.272667404,574,0.774965585,159,-2.893,173,"ECM","non-N fixers",NA,NA,0.269639074,0.229746557,NA,-6.14,568.96,-0.325946270991694
"167",0.272667404,575,0.774965585,160,-2.812,174,"AM","non-N fixers",NA,NA,0.269639074,0.229746557,NA,-4.4,568.96,-0.325946270991694
"168",0.272667404,576,0.774965585,161,-1.217,175,"AM","non-N fixers",NA,NA,0.269639074,0.229746557,NA,-4.4,568.96,-0.325946270991694
"169",0.272667404,577,0.774965585,162,-0.071,177,"NM","N fixers",NA,NA,0.269639074,0.229746557,NA,-3.82,568.96,-0.325946270991694
"170",0.272667404,578,0.774965585,163,-3.62,178,"AM","non-N fixers",NA,NA,0.269639074,0.229746557,NA,-4.4,568.96,-0.325946270991694
"171",0.272667404,579,0.774965585,164,-4.011,179,"AM","non-N fixers",NA,NA,0.269639074,0.229746557,NA,-4.4,568.96,-0.325946270991694
"172",0.272667404,580,0.774965585,165,NA,180,"NM","non-N fixers",NA,NA,0.269639074,0.229746557,NA,-3.82,568.96,-0.325946270991694
"173",0.272667404,581,0.774965585,166,NA,181,"AM","non-N fixers",NA,NA,0.269639074,0.229746557,NA,-4.4,568.96,-0.325946270991694
"174",0.272667404,582,0.774965585,167,-2.813,182,"AM","N fixers",NA,NA,0.269639074,0.229746557,NA,-4.4,568.96,-0.325946270991694
"175",0.272667404,583,0.774965585,168,NA,183,"AM","non-N fixers",NA,NA,0.269639074,0.229746557,NA,-4.4,568.96,-0.325946270991694
"176",0.272667404,584,0.774965585,169,NA,184,"AM","N fixers",NA,NA,0.269639074,0.229746557,NA,-4.4,568.96,-0.325946270991694
"177",0.272667404,585,0.774965585,170,-1.642,185,"AM","N fixers",NA,NA,0.269639074,0.229746557,NA,-4.4,568.96,-0.325946270991694
"178",0.272667404,586,0.774965585,171,NA,186,"AM","non-N fixers",NA,NA,0.269639074,0.229746557,NA,-4.4,568.96,-0.325946270991694
"179",0.272667404,587,0.774965585,172,NA,187,"AM","non-N fixers",NA,NA,0.269639074,0.229746557,NA,-4.4,568.96,-0.325946270991694
"180",0.272667404,588,0.774965585,173,-1.852,188,"AM","non-N fixers",NA,NA,0.269639074,0.229746557,NA,-4.4,568.96,-0.325946270991694
"181",0.272667404,589,0.774965585,174,-1.603,189,"AM","N fixers",NA,NA,0.269639074,0.229746557,NA,-4.4,568.96,-0.325946270991694
"182",0.272667404,590,0.774965585,175,NA,190,"ECM","non-N fixers",NA,NA,0.269639074,0.229746557,NA,-6.14,568.96,-0.325946270991694
"183",0.272667404,591,0.774965585,176,NA,191,"AM","non-N fixers",NA,NA,0.269639074,0.229746557,NA,-4.4,568.96,-0.325946270991694
"184",0.272667404,592,0.774965585,177,NA,192,"AM","N fixers",NA,NA,0.269639074,0.229746557,NA,-4.4,568.96,-0.325946270991694
"185",0.272667404,593,0.774965585,178,-1.961,193,"ECM","non-N fixers",NA,NA,0.269639074,0.229746557,NA,-6.14,568.96,-0.325946270991694
"186",0.272667404,594,0.774965585,179,-4.312,194,"AM","non-N fixers",NA,NA,0.269639074,0.229746557,NA,-4.4,568.96,-0.325946270991694
"187",0.272667404,595,0.774965585,180,NA,195,"NM","non-N fixers",NA,NA,0.269639074,0.229746557,NA,-3.82,568.96,-0.325946270991694
"188",0.272667404,596,0.774965585,181,NA,196,"AM","non-N fixers",NA,NA,0.269639074,0.229746557,NA,-4.4,568.96,-0.325946270991694
"189",0.272667404,597,0.774965585,182,NA,197,"AM","non-N fixers",NA,NA,0.269639074,0.229746557,NA,-4.4,568.96,-0.325946270991694
"190",0.272667404,598,0.774965585,183,NA,198,"ECM","non-N fixers",NA,NA,0.269639074,0.229746557,NA,-6.14,568.96,-0.325946270991694
"191",0.272667404,599,0.774965585,184,-2.811,199,"ECM","non-N fixers",NA,NA,0.269639074,0.229746557,NA,-6.14,568.96,-0.325946270991694
"192",0.272667404,600,0.774965585,185,NA,201,"AM","non-N fixers",NA,NA,0.269639074,0.229746557,NA,-4.4,568.96,-0.325946270991694
"193",0.272667404,601,0.774965585,186,NA,202,"AM","N fixers",NA,NA,0.269639074,0.229746557,NA,-4.4,568.96,-0.325946270991694
"194",0.272667404,602,0.774965585,187,-1.591,203,"AM","non-N fixers",NA,NA,0.269639074,0.229746557,NA,-4.4,568.96,-0.325946270991694
"347",0.287989358,454,0.769433528,188,NA,204,"AM","non-N fixers",NA,NA,0.284790858,0.228644041,NA,-4.4,554.73,-0.236238923244661
"348",0.287989358,455,0.769433528,189,NA,205,"AM","non-N fixers",NA,NA,0.284790858,0.228644041,NA,-4.4,554.73,-0.236238923244661
"349",0.287989358,456,0.769433528,190,-2.597,206,"AM","non-N fixers",NA,NA,0.284790858,0.228644041,NA,-4.4,554.73,-0.236238923244661
"350",0.287989358,457,0.769433528,191,NA,207,"AM","non-N fixers",NA,NA,0.284790858,0.228644041,NA,-4.4,554.73,-0.236238923244661
"351",0.287989358,458,0.769433528,192,-4.29,208,"AM","non-N fixers",NA,NA,0.284790858,0.228644041,NA,-4.4,554.73,-0.236238923244661
"352",0.287989358,459,0.769433528,193,NA,209,"NM","non-N fixers",NA,NA,0.284790858,0.228644041,NA,-3.82,554.73,-0.236238923244661
"353",0.287989358,460,0.769433528,194,NA,210,"AM","non-N fixers",NA,NA,0.284790858,0.228644041,NA,-4.4,554.73,-0.236238923244661
"354",0.287989358,461,0.769433528,195,-3.068,211,"ECM","non-N fixers",NA,NA,0.284790858,0.228644041,NA,-6.14,554.73,-0.236238923244661
"355",0.287989358,462,0.769433528,196,NA,212,"AM","non-N fixers",NA,NA,0.284790858,0.228644041,NA,-4.4,554.73,-0.236238923244661
"356",0.287989358,463,0.769433528,197,-2.588,213,"NM","non-N fixers",NA,NA,0.284790858,0.228644041,NA,-3.82,554.73,-0.236238923244661
"357",0.287989358,464,0.769433528,198,NA,214,"NM","non-N fixers",NA,NA,0.284790858,0.228644041,NA,-3.82,554.73,-0.236238923244661
"358",0.287989358,465,0.769433528,199,NA,215,"AM","non-N fixers",NA,NA,0.284790858,0.228644041,NA,-4.4,554.73,-0.236238923244661
"359",0.287989358,466,0.769433528,200,NA,216,"AM","non-N fixers",NA,NA,0.284790858,0.228644041,NA,-4.4,554.73,-0.236238923244661
"360",0.287989358,467,0.769433528,201,-3.092,217,"ECM","non-N fixers",NA,NA,0.284790858,0.228644041,NA,-6.14,554.73,-0.236238923244661
"361",0.287989358,468,0.769433528,202,NA,218,"AM","non-N fixers",NA,NA,0.284790858,0.228644041,NA,-4.4,554.73,-0.236238923244661
"362",0.287989358,469,0.769433528,203,-3.082,219,"AM","non-N fixers",NA,NA,0.284790858,0.228644041,NA,-4.4,554.73,-0.236238923244661
"363",0.287989358,470,0.769433528,204,NA,220,"AM","non-N fixers",NA,NA,0.284790858,0.228644041,NA,-4.4,554.73,-0.236238923244661
"364",0.287989358,471,0.769433528,205,-4.729,221,"ECM","non-N fixers",NA,NA,0.284790858,0.228644041,NA,-6.14,554.73,-0.236238923244661
"365",0.287989358,472,0.769433528,206,-3.809,222,"AM","N fixers",NA,NA,0.284790858,0.228644041,NA,-4.4,554.73,-0.236238923244661
"366",0.287989358,473,0.769433528,207,-3.444,223,"AM","non-N fixers",NA,NA,0.284790858,0.228644041,NA,-4.4,554.73,-0.236238923244661
"367",0.287989358,474,0.769433528,208,NA,224,"AM","non-N fixers",NA,NA,0.284790858,0.228644041,NA,-4.4,554.73,-0.236238923244661
"368",0.287989358,475,0.769433528,209,NA,225,"AM","non-N fixers",NA,NA,0.284790858,0.228644041,NA,-4.4,554.73,-0.236238923244661
"369",0.287989358,476,0.769433528,210,-3.529,227,"AM","non-N fixers",NA,NA,0.284790858,0.228644041,NA,-4.4,554.73,-0.236238923244661
"370",0.287989358,477,0.769433528,211,-2.18,228,"ECM","non-N fixers",NA,NA,0.284790858,0.228644041,NA,-6.14,554.73,-0.236238923244661
"371",0.287989358,478,0.769433528,212,NA,229,"AM","non-N fixers",NA,NA,0.284790858,0.228644041,NA,-4.4,554.73,-0.236238923244661
"372",0.287989358,479,0.769433528,213,-3.027,230,"AM","non-N fixers",NA,NA,0.284790858,0.228644041,NA,-4.4,554.73,-0.236238923244661
"373",0.287989358,480,0.769433528,214,-4.429,231,"ECM","non-N fixers",NA,NA,0.284790858,0.228644041,NA,-6.14,554.73,-0.236238923244661
"374",0.287989358,481,0.769433528,215,NA,232,"AM","non-N fixers",NA,NA,0.284790858,0.228644041,NA,-4.4,554.73,-0.236238923244661
"375",0.287989358,482,0.769433528,216,NA,233,"NM","non-N fixers",NA,NA,0.284790858,0.228644041,NA,-3.82,554.73,-0.236238923244661
"376",0.287989358,483,0.769433528,217,NA,234,"AM","non-N fixers",NA,NA,0.284790858,0.228644041,NA,-4.4,554.73,-0.236238923244661
"377",0.287989358,484,0.769433528,218,-2.789,236,"ECM","non-N fixers",NA,NA,0.284790858,0.228644041,NA,-6.14,554.73,-0.236238923244661
"378",0.287989358,485,0.769433528,219,NA,237,"ECM","non-N fixers",NA,NA,0.284790858,0.228644041,NA,-6.14,554.73,-0.236238923244661
"379",0.287989358,486,0.769433528,220,NA,238,"AM","N fixers",NA,NA,0.284790858,0.228644041,NA,-4.4,554.73,-0.236238923244661
"380",0.287989358,487,0.769433528,221,-1.14,239,"AM","N fixers",NA,NA,0.284790858,0.228644041,NA,-4.4,554.73,-0.236238923244661
"381",0.287989358,488,0.769433528,222,NA,240,"AM","non-N fixers",NA,NA,0.284790858,0.228644041,NA,-4.4,554.73,-0.236238923244661
"382",0.287989358,489,0.769433528,223,NA,241,"AM","non-N fixers",NA,NA,0.284790858,0.228644041,NA,-4.4,554.73,-0.236238923244661
"383",0.287989358,490,0.769433528,224,NA,242,"AM","non-N fixers",NA,NA,0.284790858,0.228644041,NA,-4.4,554.73,-0.236238923244661
"384",0.287989358,491,0.769433528,225,NA,243,"AM","non-N fixers",NA,NA,0.284790858,0.228644041,NA,-4.4,554.73,-0.236238923244661
"23",0.25578863,664,0.793868029,226,-5.631,244,"AM","non-N fixers",NA,NA,0.252947761,0.301681784,NA,-4.4,635.3,-0.792347782484882
"24",0.25578863,665,0.793868029,227,NA,245,"AM","non-N fixers",NA,NA,0.252947761,0.301681784,NA,-4.4,635.3,-0.792347782484882
"25",0.25578863,666,0.793868029,228,NA,247,"AM","non-N fixers",NA,NA,0.252947761,0.301681784,NA,-4.4,635.3,-0.792347782484882
"26",0.25578863,667,0.793868029,229,NA,248,"AM","non-N fixers",NA,NA,0.252947761,0.301681784,NA,-4.4,635.3,-0.792347782484882
"27",0.25578863,668,0.793868029,230,NA,249,"AM","non-N fixers",NA,NA,0.252947761,0.301681784,NA,-4.4,635.3,-0.792347782484882
"28",0.25578863,669,0.793868029,231,NA,250,"NM","non-N fixers",NA,NA,0.252947761,0.301681784,NA,-3.82,635.3,-0.792347782484882
"29",0.25578863,670,0.793868029,232,-3.313,251,"NM","non-N fixers",NA,NA,0.252947761,0.301681784,NA,-3.82,635.3,-0.792347782484882
"30",0.25578863,671,0.793868029,233,NA,252,"AM","non-N fixers",NA,NA,0.252947761,0.301681784,NA,-4.4,635.3,-0.792347782484882
"31",0.25578863,672,0.793868029,234,NA,253,"AM","N fixers",NA,NA,0.252947761,0.301681784,NA,-4.4,635.3,-0.792347782484882
"32",0.25578863,673,0.793868029,235,-1.655,254,"ECM","non-N fixers",NA,NA,0.252947761,0.301681784,NA,-6.14,635.3,-0.792347782484882
"33",0.25578863,674,0.793868029,236,NA,255,"AM","non-N fixers",NA,NA,0.252947761,0.301681784,NA,-4.4,635.3,-0.792347782484882
"34",0.25578863,675,0.793868029,237,NA,256,"AM","non-N fixers",NA,NA,0.252947761,0.301681784,NA,-4.4,635.3,-0.792347782484882
"35",0.25578863,676,0.793868029,238,NA,NA,"AM","non-N fixers",NA,NA,0.252947761,0.301681784,NA,-4.4,635.3,-0.792347782484882
"36",0.25578863,677,0.793868029,239,-5.669,NA,"AM","non-N fixers",NA,NA,0.252947761,0.301681784,NA,-4.4,635.3,-0.792347782484882
"37",0.25578863,678,0.793868029,240,NA,259,"AM","non-N fixers",NA,NA,0.252947761,0.301681784,NA,-4.4,635.3,-0.792347782484882
"38",0.25578863,679,0.793868029,241,-2.95,260,"AM","N fixers",NA,NA,0.252947761,0.301681784,NA,-4.4,635.3,-0.792347782484882
"39",0.25578863,680,0.793868029,242,NA,261,"AM","non-N fixers",NA,NA,0.252947761,0.301681784,NA,-4.4,635.3,-0.792347782484882
"40",0.25578863,681,0.793868029,243,NA,262,"ECM","non-N fixers",NA,NA,0.252947761,0.301681784,NA,-6.14,635.3,-0.792347782484882
"41",0.25578863,682,0.793868029,244,NA,263,"AM","non-N fixers",NA,NA,0.252947761,0.301681784,NA,-4.4,635.3,-0.792347782484882
"42",0.25578863,683,0.793868029,245,NA,264,"AM","non-N fixers",NA,NA,0.252947761,0.301681784,NA,-4.4,635.3,-0.792347782484882
"43",0.25578863,684,0.793868029,246,-3.705,265,"AM","non-N fixers",NA,NA,0.252947761,0.301681784,NA,-4.4,635.3,-0.792347782484882
"44",0.25578863,685,0.793868029,247,-3.808,266,"ECM","non-N fixers",NA,NA,0.252947761,0.301681784,NA,-6.14,635.3,-0.792347782484882
"45",0.25578863,686,0.793868029,248,-3.869,267,"AM","N fixers",NA,NA,0.252947761,0.301681784,NA,-4.4,635.3,-0.792347782484882
"46",0.25578863,687,0.793868029,249,-0.085,268,"ECM","non-N fixers",NA,NA,0.252947761,0.301681784,NA,-6.14,635.3,-0.792347782484882
"47",0.25578863,688,0.793868029,250,NA,269,"AM","non-N fixers",NA,NA,0.252947761,0.301681784,NA,-4.4,635.3,-0.792347782484882
"48",0.25578863,689,0.793868029,251,NA,271,"AM","non-N fixers",NA,NA,0.252947761,0.301681784,NA,-4.4,635.3,-0.792347782484882
"49",0.25578863,690,0.793868029,252,-3.357,272,"AM","non-N fixers",NA,NA,0.252947761,0.301681784,NA,-4.4,635.3,-0.792347782484882
"50",0.25578863,691,0.793868029,253,NA,273,"AM","non-N fixers",NA,NA,0.252947761,0.301681784,NA,-4.4,635.3,-0.792347782484882
"51",0.25578863,692,0.793868029,254,-2.352,274,"ECM","non-N fixers",NA,NA,0.252947761,0.301681784,NA,-6.14,635.3,-0.792347782484882
"52",0.25578863,693,0.793868029,255,-3.288,275,"ECM","non-N fixers",NA,NA,0.252947761,0.301681784,NA,-6.14,635.3,-0.792347782484882
"53",0.25578863,694,0.793868029,256,NA,279,"AM","N fixers",NA,NA,0.252947761,0.301681784,NA,-4.4,635.3,-0.792347782484882
"54",0.25578863,695,0.793868029,257,-3.464,280,"AM","non-N fixers",NA,NA,0.252947761,0.301681784,NA,-4.4,635.3,-0.792347782484882
"55",0.25578863,696,0.793868029,258,NA,281,"AM","non-N fixers",NA,NA,0.252947761,0.301681784,NA,-4.4,635.3,-0.792347782484882
"56",0.25578863,697,0.793868029,259,NA,282,"AM","non-N fixers",NA,NA,0.252947761,0.301681784,NA,-4.4,635.3,-0.792347782484882
"274",0.286704667,698,0.813330925,260,-4.393,283,"ECM","non-N fixers",NA,NA,0.283520435,0.3821183,NA,-6.14,709.95,-0.94354870710943
"275",0.286704667,699,0.813330925,261,-3.6075,284,"AM","non-N fixers",NA,NA,0.283520435,0.3821183,NA,-4.4,709.95,-0.94354870710943
"276",0.286704667,700,0.813330925,262,-4.594,285,"NM","non-N fixers",NA,NA,0.283520435,0.3821183,NA,-3.82,709.95,-0.94354870710943
"277",0.286704667,701,0.813330925,263,NA,286,"AM","non-N fixers",NA,NA,0.283520435,0.3821183,NA,-4.4,709.95,-0.94354870710943
"278",0.286704667,702,0.813330925,264,NA,287,"NM","non-N fixers",NA,NA,0.283520435,0.3821183,NA,-3.82,709.95,-0.94354870710943
"279",0.286704667,703,0.813330925,265,NA,288,"ECM","N fixers",NA,NA,0.283520435,0.3821183,NA,-6.14,709.95,-0.94354870710943
"280",0.286704667,704,0.813330925,266,NA,289,"AM","non-N fixers",NA,NA,0.283520435,0.3821183,NA,-4.4,709.95,-0.94354870710943
"281",0.286704667,705,0.813330925,267,-3.357,290,"AM","non-N fixers",NA,NA,0.283520435,0.3821183,NA,-4.4,709.95,-0.94354870710943
"282",0.286704667,706,0.813330925,268,NA,292,"AM","non-N fixers",NA,NA,0.283520435,0.3821183,NA,-4.4,709.95,-0.94354870710943
"283",0.286704667,707,0.813330925,269,NA,293,"NM","non-N fixers",NA,NA,0.283520435,0.3821183,NA,-3.82,709.95,-0.94354870710943
"284",0.286704667,708,0.813330925,270,NA,294,"AM","non-N fixers",NA,NA,0.283520435,0.3821183,NA,-4.4,709.95,-0.94354870710943
"285",0.286704667,709,0.813330925,271,-3.222,295,"NM","non-N fixers",NA,NA,0.283520435,0.3821183,NA,-3.82,709.95,-0.94354870710943
"286",0.286704667,710,0.813330925,272,-4.81,296,"NM","non-N fixers",NA,NA,0.283520435,0.3821183,NA,-3.82,709.95,-0.94354870710943
"287",0.286704667,711,0.813330925,273,NA,297,"NM","non-N fixers",NA,NA,0.283520435,0.3821183,NA,-3.82,709.95,-0.94354870710943
"288",0.286704667,712,0.813330925,274,NA,298,"NM","non-N fixers",NA,NA,0.283520435,0.3821183,NA,-3.82,709.95,-0.94354870710943
"289",0.286704667,713,0.813330925,275,-1.98,299,"ECM","non-N fixers",NA,NA,0.283520435,0.3821183,NA,-6.14,709.95,-0.94354870710943
"290",0.286704667,714,0.813330925,276,NA,300,"AM","non-N fixers",NA,NA,0.283520435,0.3821183,NA,-4.4,709.95,-0.94354870710943
"291",0.286704667,715,0.813330925,277,-0.768,301,"ECM","non-N fixers",NA,NA,0.283520435,0.3821183,NA,-6.14,709.95,-0.94354870710943
"292",0.286704667,716,0.813330925,278,-1.547,302,"AM","non-N fixers",NA,NA,0.283520435,0.3821183,NA,-4.4,709.95,-0.94354870710943
"293",0.286704667,717,0.813330925,279,NA,303,"AM","N fixers",NA,NA,0.283520435,0.3821183,NA,-4.4,709.95,-0.94354870710943
"294",0.286704667,718,0.813330925,280,NA,304,"AM","non-N fixers",NA,NA,0.283520435,0.3821183,NA,-4.4,709.95,-0.94354870710943
"295",0.286704667,719,0.813330925,281,NA,305,"AM","non-N fixers",NA,NA,0.283520435,0.3821183,NA,-4.4,709.95,-0.94354870710943
"296",0.286704667,720,0.813330925,282,-4.577,306,"AM","non-N fixers",NA,NA,0.283520435,0.3821183,NA,-4.4,709.95,-0.94354870710943
"297",0.286704667,721,0.813330925,283,NA,307,"AM","non-N fixers",NA,NA,0.283520435,0.3821183,NA,-4.4,709.95,-0.94354870710943
"298",0.286704667,722,0.813330925,284,NA,308,"AM","N fixers",NA,NA,0.283520435,0.3821183,NA,-4.4,709.95,-0.94354870710943
"299",0.286704667,723,0.813330925,285,NA,309,"NM","non-N fixers",NA,NA,0.283520435,0.3821183,NA,-3.82,709.95,-0.94354870710943
"300",0.286704667,724,0.813330925,286,-2.931,310,"AM","non-N fixers",NA,NA,0.283520435,0.3821183,NA,-4.4,709.95,-0.94354870710943
"301",0.286704667,725,0.813330925,287,-4.048,311,"NM","non-N fixers",NA,NA,0.283520435,0.3821183,NA,-3.82,709.95,-0.94354870710943
"302",0.286704667,726,0.813330925,288,NA,312,"AM","non-N fixers",NA,NA,0.283520435,0.3821183,NA,-4.4,709.95,-0.94354870710943
"303",0.286704667,727,0.813330925,289,NA,313,"AM","non-N fixers",NA,NA,0.283520435,0.3821183,NA,-4.4,709.95,-0.94354870710943
"304",0.286704667,728,0.813330925,290,NA,314,"AM","non-N fixers",NA,NA,0.283520435,0.3821183,NA,-4.4,709.95,-0.94354870710943
"305",0.286704667,729,0.813330925,291,NA,315,"AM","N fixers",NA,NA,0.283520435,0.3821183,NA,-4.4,709.95,-0.94354870710943
"306",0.286704667,730,0.813330925,292,NA,317,"AM","N fixers",NA,NA,0.283520435,0.3821183,NA,-4.4,709.95,-0.94354870710943
"307",0.286704667,731,0.813330925,293,NA,318,"AM","non-N fixers",NA,NA,0.283520435,0.3821183,NA,-4.4,709.95,-0.94354870710943
"308",0.286704667,732,0.813330925,294,-2.971,319,"AM","non-N fixers",NA,NA,0.283520435,0.3821183,NA,-4.4,709.95,-0.94354870710943
"309",0.286704667,733,0.813330925,295,-4.271,320,"AM","N fixers",NA,NA,0.283520435,0.3821183,NA,-4.4,709.95,-0.94354870710943
"310",0.286704667,734,0.813330925,296,-3.81,321,"ECM","non-N fixers",NA,NA,0.283520435,0.3821183,NA,-6.14,709.95,-0.94354870710943
"311",0.286704667,735,0.813330925,297,NA,322,"ECM","non-N fixers",NA,NA,0.283520435,0.3821183,NA,-6.14,709.95,-0.94354870710943
"312",0.286704667,736,0.813330925,298,-2.367,323,"AM","N fixers",NA,NA,0.283520435,0.3821183,NA,-4.4,709.95,-0.94354870710943
"313",0.286704667,737,0.813330925,299,-0.883,324,"ECM","non-N fixers",NA,NA,0.283520435,0.3821183,NA,-6.14,709.95,-0.94354870710943
"314",0.286704667,738,0.813330925,300,NA,325,"NM","non-N fixers",NA,NA,0.283520435,0.3821183,NA,-3.82,709.95,-0.94354870710943
"315",0.286704667,739,0.813330925,301,NA,326,"NM","non-N fixers",NA,NA,0.283520435,0.3821183,NA,-3.82,709.95,-0.94354870710943
"316",0.286704667,740,0.813330925,302,NA,327,"AM","non-N fixers",NA,NA,0.283520435,0.3821183,NA,-4.4,709.95,-0.94354870710943
"317",0.286704667,741,0.813330925,303,NA,328,"NM","non-N fixers",NA,NA,0.283520435,0.3821183,NA,-3.82,709.95,-0.94354870710943
"318",0.286704667,742,0.813330925,304,-1.287,331,"ECM","non-N fixers",NA,NA,0.283520435,0.3821183,NA,-6.14,709.95,-0.94354870710943
"319",0.286704667,743,0.813330925,305,NA,332,"ECM","non-N fixers",NA,NA,0.283520435,0.3821183,NA,-6.14,709.95,-0.94354870710943
"320",0.286704667,744,0.813330925,306,-4.832,334,"AM","non-N fixers",NA,NA,0.283520435,0.3821183,NA,-4.4,709.95,-0.94354870710943
"321",0.286704667,745,0.813330925,307,NA,335,"AM","non-N fixers",NA,NA,0.283520435,0.3821183,NA,-4.4,709.95,-0.94354870710943
"322",0.286704667,746,0.813330925,308,NA,336,"AM","non-N fixers",NA,NA,0.283520435,0.3821183,NA,-4.4,709.95,-0.94354870710943
"323",0.286704667,747,0.813330925,309,NA,337,"AM","non-N fixers",NA,NA,0.283520435,0.3821183,NA,-4.4,709.95,-0.94354870710943
"494",0.320055438,628,0.789253697,310,NA,338,"AM","non-N fixers",NA,NA,0.316500802,0.287074769,NA,-4.4,621.93,-0.418019801123918
"495",0.320055438,629,0.789253697,311,-3.676,339,"AM","non-N fixers",NA,NA,0.316500802,0.287074769,NA,-4.4,621.93,-0.418019801123918
"496",0.320055438,630,0.789253697,312,-2.72,341,"AM","non-N fixers",NA,NA,0.316500802,0.287074769,NA,-4.4,621.93,-0.418019801123918
"497",0.320055438,631,0.789253697,313,NA,342,"AM","non-N fixers",NA,NA,0.316500802,0.287074769,NA,-4.4,621.93,-0.418019801123918
"498",0.320055438,632,0.789253697,314,NA,343,"AM","non-N fixers",NA,NA,0.316500802,0.287074769,NA,-4.4,621.93,-0.418019801123918
"499",0.320055438,633,0.789253697,315,NA,344,"NM","non-N fixers",NA,NA,0.316500802,0.287074769,NA,-3.82,621.93,-0.418019801123918
"500",0.320055438,634,0.789253697,316,-5.363,345,"NM","non-N fixers",NA,NA,0.316500802,0.287074769,NA,-3.82,621.93,-0.418019801123918
"501",0.320055438,635,0.789253697,317,NA,346,"AM","non-N fixers",NA,NA,0.316500802,0.287074769,NA,-4.4,621.93,-0.418019801123918
"502",0.320055438,636,0.789253697,318,NA,347,"AM","non-N fixers",NA,NA,0.316500802,0.287074769,NA,-4.4,621.93,-0.418019801123918
"503",0.320055438,637,0.789253697,319,-2.527,348,"ECM","non-N fixers",NA,NA,0.316500802,0.287074769,NA,-6.14,621.93,-0.418019801123918
"504",0.320055438,638,0.789253697,320,-3.248,349,"AM","non-N fixers",NA,NA,0.316500802,0.287074769,NA,-4.4,621.93,-0.418019801123918
"505",0.320055438,639,0.789253697,321,NA,351,"AM","non-N fixers",NA,NA,0.316500802,0.287074769,NA,-4.4,621.93,-0.418019801123918
"506",0.320055438,640,0.789253697,322,NA,352,"AM","non-N fixers",NA,NA,0.316500802,0.287074769,NA,-4.4,621.93,-0.418019801123918
"507",0.320055438,641,0.789253697,323,NA,353,"AM","non-N fixers",NA,NA,0.316500802,0.287074769,NA,-4.4,621.93,-0.418019801123918
"508",0.320055438,642,0.789253697,324,NA,354,"AM","non-N fixers",NA,NA,0.316500802,0.287074769,NA,-4.4,621.93,-0.418019801123918
"509",0.320055438,643,0.789253697,325,NA,355,"AM","non-N fixers",NA,NA,0.316500802,0.287074769,NA,-4.4,621.93,-0.418019801123918
"510",0.320055438,644,0.789253697,326,-3.027,356,"AM","N fixers",NA,NA,0.316500802,0.287074769,NA,-4.4,621.93,-0.418019801123918
"511",0.320055438,645,0.789253697,327,NA,NA,"NM","non-N fixers",NA,NA,0.316500802,0.287074769,NA,-3.82,621.93,-0.418019801123918
"512",0.320055438,646,0.789253697,328,-3.397,358,"AM","N fixers",NA,NA,0.316500802,0.287074769,NA,-4.4,621.93,-0.418019801123918
"513",0.320055438,647,0.789253697,329,NA,359,"AM","non-N fixers",NA,NA,0.316500802,0.287074769,NA,-4.4,621.93,-0.418019801123918
"514",0.320055438,648,0.789253697,330,NA,360,"AM","N fixers",NA,NA,0.316500802,0.287074769,NA,-4.4,621.93,-0.418019801123918
"515",0.320055438,649,0.789253697,331,NA,361,"AM","N fixers",NA,NA,0.316500802,0.287074769,NA,-4.4,621.93,-0.418019801123918
"516",0.320055438,650,0.789253697,332,-2.093,362,"ECM","non-N fixers",NA,NA,0.316500802,0.287074769,NA,-6.14,621.93,-0.418019801123918
"517",0.320055438,651,0.789253697,333,NA,363,"AM","N fixers",NA,NA,0.316500802,0.287074769,NA,-4.4,621.93,-0.418019801123918
"518",0.320055438,652,0.789253697,334,NA,364,"AM","non-N fixers",NA,NA,0.316500802,0.287074769,NA,-4.4,621.93,-0.418019801123918
"519",0.320055438,653,0.789253697,335,-1.769,365,"ECM","non-N fixers",NA,NA,0.316500802,0.287074769,NA,-6.14,621.93,-0.418019801123918
"520",0.320055438,654,0.789253697,336,-3.603,366,"AM","non-N fixers",NA,NA,0.316500802,0.287074769,NA,-4.4,621.93,-0.418019801123918
"521",0.320055438,655,0.789253697,337,-2.726,367,"ECM","non-N fixers",NA,NA,0.316500802,0.287074769,NA,-6.14,621.93,-0.418019801123918
"522",0.320055438,656,0.789253697,338,-2.461,368,"AM","non-N fixers",NA,NA,0.316500802,0.287074769,NA,-4.4,621.93,-0.418019801123918
"523",0.320055438,657,0.789253697,339,-4.175,369,"AM","non-N fixers",NA,NA,0.316500802,0.287074769,NA,-4.4,621.93,-0.418019801123918
"524",0.320055438,658,0.789253697,340,NA,370,"AM","non-N fixers",NA,NA,0.316500802,0.287074769,NA,-4.4,621.93,-0.418019801123918
"525",0.320055438,659,0.789253697,341,NA,371,"AM","non-N fixers",NA,NA,0.316500802,0.287074769,NA,-4.4,621.93,-0.418019801123918
"526",0.320055438,660,0.789253697,342,NA,372,"AM","non-N fixers",NA,NA,0.316500802,0.287074769,NA,-4.4,621.93,-0.418019801123918
"527",0.320055438,661,0.789253697,343,NA,374,"AM","non-N fixers",NA,NA,0.316500802,0.287074769,NA,-4.4,621.93,-0.418019801123918
"528",0.320055438,662,0.789253697,344,-1.214,375,"ECM","non-N fixers",NA,NA,0.316500802,0.287074769,NA,-6.14,621.93,-0.418019801123918
"529",0.320055438,663,0.789253697,345,NA,377,"AM","non-N fixers",NA,NA,0.316500802,0.287074769,NA,-4.4,621.93,-0.418019801123918
"579",0.334207404,436,0.704435428,346,1.882,378,"AM","non-N fixers",NA,NA,0.330495592,0.103777822,NA,-4.4,418.94,1.3528917473706
"580",0.334207404,437,0.704435428,347,NA,379,"AM","non-N fixers",NA,NA,0.330495592,0.103777822,NA,-4.4,418.94,1.3528917473706
"581",0.334207404,438,0.704435428,348,1.311,380,"AM","non-N fixers",NA,NA,0.330495592,0.103777822,NA,-4.4,418.94,1.3528917473706
"582",0.334207404,439,0.704435428,349,-0.082,381,"AM","non-N fixers",NA,NA,0.330495592,0.103777822,NA,-4.4,418.94,1.3528917473706
"583",0.334207404,440,0.704435428,350,0.395,382,"AM","non-N fixers",NA,NA,0.330495592,0.103777822,NA,-4.4,418.94,1.3528917473706
"584",0.334207404,441,0.704435428,351,7.06,383,"AM","non-N fixers",NA,NA,0.330495592,0.103777822,NA,-4.4,418.94,1.3528917473706
"585",0.334207404,442,0.704435428,352,NA,NA,"AM","non-N fixers",NA,NA,0.330495592,0.103777822,NA,-4.4,418.94,1.3528917473706
"586",0.334207404,443,0.704435428,353,-0.249,385,"AM","non-N fixers",NA,NA,0.330495592,0.103777822,NA,-4.4,418.94,1.3528917473706
"587",0.334207404,444,0.704435428,354,NA,386,"AM","non-N fixers",NA,NA,0.330495592,0.103777822,NA,-4.4,418.94,1.3528917473706
"588",0.334207404,445,0.704435428,355,NA,387,"AM","non-N fixers",NA,NA,0.330495592,0.103777822,NA,-4.4,418.94,1.3528917473706
"589",0.334207404,446,0.704435428,356,4.038,388,"AM","non-N fixers",NA,NA,0.330495592,0.103777822,NA,-4.4,418.94,1.3528917473706
"590",0.334207404,447,0.704435428,357,NA,389,"AM","N fixers",NA,NA,0.330495592,0.103777822,NA,-4.4,418.94,1.3528917473706
"591",0.334207404,448,0.704435428,358,6.248,390,"NM","non-N fixers",NA,NA,0.330495592,0.103777822,NA,-3.82,418.94,1.3528917473706
"592",0.334207404,449,0.704435428,359,8.471,391,"NM","non-N fixers",NA,NA,0.330495592,0.103777822,NA,-3.82,418.94,1.3528917473706
"593",0.334207404,450,0.704435428,360,NA,392,"NM","non-N fixers",NA,NA,0.330495592,0.103777822,NA,-3.82,418.94,1.3528917473706
"594",0.334207404,451,0.704435428,361,1.391,393,"AM","non-N fixers",NA,NA,0.330495592,0.103777822,NA,-4.4,418.94,1.3528917473706
"595",0.334207404,452,0.704435428,362,0.451,394,"AM","non-N fixers",NA,NA,0.330495592,0.103777822,NA,-4.4,418.94,1.3528917473706
"596",0.334207404,453,0.704435428,363,NA,396,"AM","non-N fixers",NA,NA,0.330495592,0.103777822,NA,-4.4,418.94,1.3528917473706
"597",0.33432288,420,0.704173416,364,NA,397,"NM","non-N fixers",NA,NA,0.330609785,0.103288303,NA,-3.82,419.86,1.36175323213609
"598",0.33432288,421,0.704173416,365,NA,398,"AM","non-N fixers",NA,NA,0.330609785,0.103288303,NA,-4.4,419.86,1.36175323213609
"599",0.33432288,422,0.704173416,366,NA,399,"AM","N fixers",NA,NA,0.330609785,0.103288303,NA,-4.4,419.86,1.36175323213609
"600",0.33432288,423,0.704173416,367,2.387,400,"NM","non-N fixers",NA,NA,0.330609785,0.103288303,NA,-3.82,419.86,1.36175323213609
"601",0.33432288,424,0.704173416,368,4.372,401,"AM","non-N fixers",NA,NA,0.330609785,0.103288303,NA,-4.4,419.86,1.36175323213609
"602",0.33432288,425,0.704173416,369,2.926,402,"AM","non-N fixers",NA,NA,0.330609785,0.103288303,NA,-4.4,419.86,1.36175323213609
"603",0.33432288,426,0.704173416,370,NA,403,"AM","non-N fixers",NA,NA,0.330609785,0.103288303,NA,-4.4,419.86,1.36175323213609
"604",0.33432288,427,0.704173416,371,NA,404,"AM","non-N fixers",NA,NA,0.330609785,0.103288303,NA,-4.4,419.86,1.36175323213609
"605",0.33432288,428,0.704173416,372,NA,405,"AM","non-N fixers",NA,NA,0.330609785,0.103288303,NA,-4.4,419.86,1.36175323213609
"606",0.33432288,429,0.704173416,373,2.846,406,"AM","non-N fixers",NA,NA,0.330609785,0.103288303,NA,-4.4,419.86,1.36175323213609
"607",0.33432288,430,0.704173416,374,NA,407,"NM","N fixers",NA,NA,0.330609785,0.103288303,NA,-3.82,419.86,1.36175323213609
"608",0.33432288,431,0.704173416,375,-0.733,408,"AM","N fixers",NA,NA,0.330609785,0.103288303,NA,-4.4,419.86,1.36175323213609
"609",0.33432288,432,0.704173416,376,NA,409,"AM","non-N fixers",NA,NA,0.330609785,0.103288303,NA,-4.4,419.86,1.36175323213609
"610",0.33432288,433,0.704173416,377,1.455,411,"AM","non-N fixers",NA,NA,0.330609785,0.103288303,NA,-4.4,419.86,1.36175323213609
"611",0.33432288,434,0.704173416,378,NA,412,"AM","non-N fixers",NA,NA,0.330609785,0.103288303,NA,-4.4,419.86,1.36175323213609
"612",0.33432288,435,0.704173416,379,5.069,413,"AM","non-N fixers",NA,NA,0.330609785,0.103288303,NA,-4.4,419.86,1.36175323213609
"644",0.347825546,235,0.669005742,380,NA,415,"AM","non-N fixers",NA,NA,0.343962486,0.070080933,NA,-4.4,368.46,2.08357233316379
"645",0.347825546,236,0.669005742,381,NA,416,"AM","non-N fixers",NA,NA,0.343962486,0.070080933,NA,-4.4,368.46,2.08357233316379
"646",0.347825546,237,0.669005742,382,6.87,417,"NM","non-N fixers",NA,NA,0.343962486,0.070080933,NA,-3.82,368.46,2.08357233316379
"647",0.347825546,238,0.669005742,383,8.173,418,"AM","non-N fixers",NA,NA,0.343962486,0.070080933,NA,-4.4,368.46,2.08357233316379
"648",0.347825546,239,0.669005742,384,NA,419,"AM","non-N fixers",NA,NA,0.343962486,0.070080933,NA,-4.4,368.46,2.08357233316379
"649",0.347825546,240,0.669005742,385,4.121,420,"AM","non-N fixers",NA,NA,0.343962486,0.070080933,NA,-4.4,368.46,2.08357233316379
"650",0.347825546,241,0.669005742,386,9.7,421,"NM","N fixers",NA,NA,0.343962486,0.070080933,NA,-3.82,368.46,2.08357233316379
"651",0.347825546,242,0.669005742,387,NA,422,"NM","non-N fixers",NA,NA,0.343962486,0.070080933,NA,-3.82,368.46,2.08357233316379
"652",0.347825546,243,0.669005742,388,5.323,423,"AM","non-N fixers",NA,NA,0.343962486,0.070080933,NA,-4.4,368.46,2.08357233316379
"653",0.347825546,244,0.669005742,389,NA,424,"AM","non-N fixers",NA,NA,0.343962486,0.070080933,NA,-4.4,368.46,2.08357233316379
"654",0.347825546,245,0.669005742,390,NA,425,"AM","non-N fixers",NA,NA,0.343962486,0.070080933,NA,-4.4,368.46,2.08357233316379
"655",0.347825546,246,0.669005742,391,5.813,426,"NM","non-N fixers",NA,NA,0.343962486,0.070080933,NA,-3.82,368.46,2.08357233316379
"656",0.347825546,247,0.669005742,392,NA,427,"NM","non-N fixers",NA,NA,0.343962486,0.070080933,NA,-3.82,368.46,2.08357233316379
"657",0.347825546,248,0.669005742,393,7.581,428,"AM","non-N fixers",NA,NA,0.343962486,0.070080933,NA,-4.4,368.46,2.08357233316379
"658",0.347825546,249,0.669005742,394,NA,429,"AM","non-N fixers",NA,NA,0.343962486,0.070080933,NA,-4.4,368.46,2.08357233316379
"659",0.347825546,250,0.669005742,395,NA,430,"AM","N fixers",NA,NA,0.343962486,0.070080933,NA,-4.4,368.46,2.08357233316379
"660",0.347825546,251,0.669005742,396,8.256,431,"AM","non-N fixers",NA,NA,0.343962486,0.070080933,NA,-4.4,368.46,2.08357233316379
"661",0.347825546,252,0.669005742,397,NA,432,"AM","non-N fixers",NA,NA,0.343962486,0.070080933,NA,-4.4,368.46,2.08357233316379
"662",0.347825546,253,0.669005742,398,-0.44,433,"AM","N fixers",NA,NA,0.343962486,0.070080933,NA,-4.4,368.46,2.08357233316379
"663",0.347825546,254,0.669005742,399,6.35,434,"AM","non-N fixers",NA,NA,0.343962486,0.070080933,NA,-4.4,368.46,2.08357233316379
"664",0.34864006,211,0.667697387,400,0.002,435,"AM","non-N fixers",NA,NA,0.344767954,0.068500357,NA,-4.4,365.25,2.12387035106907
"665",0.34864006,212,0.667697387,401,NA,436,"AM","non-N fixers",NA,NA,0.344767954,0.068500357,NA,-4.4,365.25,2.12387035106907
"666",0.34864006,213,0.667697387,402,1.533,437,"NM","non-N fixers",NA,NA,0.344767954,0.068500357,NA,-3.82,365.25,2.12387035106907
"667",0.34864006,214,0.667697387,403,-0.893,438,"AM","non-N fixers",NA,NA,0.344767954,0.068500357,NA,-4.4,365.25,2.12387035106907
"668",0.34864006,215,0.667697387,404,0.11,439,"AM","non-N fixers",NA,NA,0.344767954,0.068500357,NA,-4.4,365.25,2.12387035106907
"669",0.34864006,216,0.667697387,405,0.386,440,"AM","non-N fixers",NA,NA,0.344767954,0.068500357,NA,-4.4,365.25,2.12387035106907
"530",0.321401597,325,0.678075032,406,NA,442,"AM","non-N fixers",NA,NA,0.31783201,0.076888882,NA,-4.4,382.19,1.80097168021984
"531",0.321401597,326,0.678075032,407,-1.35,443,"AM","non-N fixers",NA,NA,0.31783201,0.076888882,NA,-4.4,382.19,1.80097168021984
"532",0.321401597,327,0.678075032,408,-2.826,444,"AM","non-N fixers",NA,NA,0.31783201,0.076888882,NA,-4.4,382.19,1.80097168021984
"533",0.321401597,328,0.678075032,409,-2.543,445,"AM","non-N fixers",NA,NA,0.31783201,0.076888882,NA,-4.4,382.19,1.80097168021984
"534",0.321401597,329,0.678075032,410,-2.301,446,"NM","non-N fixers",NA,NA,0.31783201,0.076888882,NA,-3.82,382.19,1.80097168021984
"535",0.321401597,330,0.678075032,411,NA,447,"AM","non-N fixers",NA,NA,0.31783201,0.076888882,NA,-4.4,382.19,1.80097168021984
"536",0.321401597,331,0.678075032,412,0.272,448,"AM","N fixers",NA,NA,0.31783201,0.076888882,NA,-4.4,382.19,1.80097168021984
"537",0.321401597,332,0.678075032,413,NA,449,"AM","non-N fixers",NA,NA,0.31783201,0.076888882,NA,-4.4,382.19,1.80097168021984
"538",0.321401597,333,0.678075032,414,NA,450,"AM","non-N fixers",NA,NA,0.31783201,0.076888882,NA,-4.4,382.19,1.80097168021984
"539",0.321401597,334,0.678075032,415,-1.937,451,"AM","N fixers",NA,NA,0.31783201,0.076888882,NA,-4.4,382.19,1.80097168021984
"540",0.321401597,335,0.678075032,416,-2.063,452,"AM","N fixers",NA,NA,0.31783201,0.076888882,NA,-4.4,382.19,1.80097168021984
"541",0.321401597,336,0.678075032,417,NA,453,"AM","N fixers",NA,NA,0.31783201,0.076888882,NA,-4.4,382.19,1.80097168021984
"542",0.321401597,337,0.678075032,418,NA,454,"AM","non-N fixers",NA,NA,0.31783201,0.076888882,NA,-4.4,382.19,1.80097168021984
"543",0.321401597,338,0.678075032,419,3.531,455,"AM","non-N fixers",NA,NA,0.31783201,0.076888882,NA,-4.4,382.19,1.80097168021984
"544",0.321401597,339,0.678075032,420,NA,456,"AM","non-N fixers",NA,NA,0.31783201,0.076888882,NA,-4.4,382.19,1.80097168021984
"545",0.321401597,340,0.678075032,421,NA,457,"AM","non-N fixers",NA,NA,0.31783201,0.076888882,NA,-4.4,382.19,1.80097168021984
"546",0.321401597,341,0.678075032,422,-1.363,458,"AM","non-N fixers",NA,NA,0.31783201,0.076888882,NA,-4.4,382.19,1.80097168021984
"547",0.321401597,342,0.678075032,423,-2.222,459,"AM","non-N fixers",NA,NA,0.31783201,0.076888882,NA,-4.4,382.19,1.80097168021984
"548",0.321401597,343,0.678075032,424,-1.81,460,"AM","non-N fixers",NA,NA,0.31783201,0.076888882,NA,-4.4,382.19,1.80097168021984
"549",0.321401597,344,0.678075032,425,NA,461,"AM","non-N fixers",NA,NA,0.31783201,0.076888882,NA,-4.4,382.19,1.80097168021984
"613",0.335948343,217,0.6688778,426,0.691,463,"AM","non-N fixers",NA,NA,0.332217196,0.071404853,NA,-4.4,371.17,1.99693766657355
"614",0.335948343,218,0.6688778,427,1.428,464,"AM","N fixers",NA,NA,0.332217196,0.071404853,NA,-4.4,371.17,1.99693766657355
"615",0.335948343,219,0.6688778,428,5.815,465,"NM","non-N fixers",NA,NA,0.332217196,0.071404853,NA,-3.82,371.17,1.99693766657355
"616",0.335948343,220,0.6688778,429,0.25,466,"NM","non-N fixers",NA,NA,0.332217196,0.071404853,NA,-3.82,371.17,1.99693766657355
"617",0.335948343,221,0.6688778,430,NA,467,"AM","N fixers",NA,NA,0.332217196,0.071404853,NA,-4.4,371.17,1.99693766657355
"618",0.335948343,222,0.6688778,431,NA,468,"AM","non-N fixers",NA,NA,0.332217196,0.071404853,NA,-4.4,371.17,1.99693766657355
"619",0.335948343,223,0.6688778,432,NA,469,"AM","non-N fixers",NA,NA,0.332217196,0.071404853,NA,-4.4,371.17,1.99693766657355
"620",0.335948343,224,0.6688778,433,1.014,470,"AM","non-N fixers",NA,NA,0.332217196,0.071404853,NA,-4.4,371.17,1.99693766657355
"621",0.335948343,225,0.6688778,434,NA,471,"AM","non-N fixers",NA,NA,0.332217196,0.071404853,NA,-4.4,371.17,1.99693766657355
"622",0.335948343,226,0.6688778,435,NA,472,"AM","non-N fixers",NA,NA,0.332217196,0.071404853,NA,-4.4,371.17,1.99693766657355
"623",0.335948343,227,0.6688778,436,NA,473,"AM","N fixers",NA,NA,0.332217196,0.071404853,NA,-4.4,371.17,1.99693766657355
"624",0.335948343,228,0.6688778,437,1.34,474,"AM","non-N fixers",NA,NA,0.332217196,0.071404853,NA,-4.4,371.17,1.99693766657355
"625",0.335948343,229,0.6688778,438,3.016,475,"ECM","non-N fixers",NA,NA,0.332217196,0.071404853,NA,-6.14,371.17,1.99693766657355
"626",0.335948343,230,0.6688778,439,4.373,476,"AM","non-N fixers",NA,NA,0.332217196,0.071404853,NA,-4.4,371.17,1.99693766657355
"627",0.335948343,231,0.6688778,440,1.97,477,"AM","non-N fixers",NA,NA,0.332217196,0.071404853,NA,-4.4,371.17,1.99693766657355
"628",0.335948343,232,0.6688778,441,0.846,478,"AM","non-N fixers",NA,NA,0.332217196,0.071404853,NA,-4.4,371.17,1.99693766657355
"629",0.335948343,233,0.6688778,442,1.714,479,"AM","non-N fixers",NA,NA,0.332217196,0.071404853,NA,-4.4,371.17,1.99693766657355
"630",0.335948343,234,0.6688778,443,3.37,480,"NM","non-N fixers",NA,NA,0.332217196,0.071404853,NA,-3.82,371.17,1.99693766657355
"480",0.30960629,368,0.67913157,444,1.419,481,"AM","non-N fixers",NA,NA,0.306167706,0.076794955,NA,-4.4,384.15,1.73998533083203
"481",0.30960629,369,0.67913157,445,-0.97,482,"AM","non-N fixers",NA,NA,0.306167706,0.076794955,NA,-4.4,384.15,1.73998533083203
"482",0.30960629,370,0.67913157,446,NA,483,"AM","non-N fixers",NA,NA,0.306167706,0.076794955,NA,-4.4,384.15,1.73998533083203
"483",0.30960629,371,0.67913157,447,NA,484,"AM","non-N fixers",NA,NA,0.306167706,0.076794955,NA,-4.4,384.15,1.73998533083203
"484",0.30960629,372,0.67913157,448,-0.868,485,"NM","non-N fixers",NA,NA,0.306167706,0.076794955,NA,-3.82,384.15,1.73998533083203
"485",0.30960629,373,0.67913157,449,3.406,486,"AM","N fixers",NA,NA,0.306167706,0.076794955,NA,-4.4,384.15,1.73998533083203
"486",0.30960629,374,0.67913157,450,-0.296,487,"AM","N fixers",NA,NA,0.306167706,0.076794955,NA,-4.4,384.15,1.73998533083203
"487",0.30960629,375,0.67913157,451,-3.368,488,"AM","N fixers",NA,NA,0.306167706,0.076794955,NA,-4.4,384.15,1.73998533083203
"488",0.30960629,376,0.67913157,452,1.771,489,"AM","non-N fixers",NA,NA,0.306167706,0.076794955,NA,-4.4,384.15,1.73998533083203
"489",0.30960629,377,0.67913157,453,-2.241,490,"AM","N fixers",NA,NA,0.306167706,0.076794955,NA,-4.4,384.15,1.73998533083203
"490",0.30960629,378,0.67913157,454,-2.487,491,"AM","non-N fixers",NA,NA,0.306167706,0.076794955,NA,-4.4,384.15,1.73998533083203
"491",0.30960629,379,0.67913157,455,2.41,492,"NM","non-N fixers",NA,NA,0.306167706,0.076794955,NA,-3.82,384.15,1.73998533083203
"492",0.30960629,380,0.67913157,456,-1.578,493,"AM","non-N fixers",NA,NA,0.306167706,0.076794955,NA,-4.4,384.15,1.73998533083203
"493",0.30960629,381,0.67913157,457,-0.779,494,"ECM","non-N fixers",NA,NA,0.306167706,0.076794955,NA,-6.14,384.15,1.73998533083203
"431",0.302644572,345,0.678994728,458,-0.009,496,"AM","non-N fixers",NA,NA,0.299283306,0.075976391,NA,-4.4,383.95,1.71960893278196
"432",0.302644572,346,0.678994728,459,NA,497,"AM","non-N fixers",NA,NA,0.299283306,0.075976391,NA,-4.4,383.95,1.71960893278196
"433",0.302644572,347,0.678994728,460,NA,498,"AM","non-N fixers",NA,NA,0.299283306,0.075976391,NA,-4.4,383.95,1.71960893278196
"434",0.302644572,348,0.678994728,461,-1.575,499,"AM","non-N fixers",NA,NA,0.299283306,0.075976391,NA,-4.4,383.95,1.71960893278196
"435",0.302644572,349,0.678994728,462,NA,500,"NM","non-N fixers",NA,NA,0.299283306,0.075976391,NA,-3.82,383.95,1.71960893278196
"436",0.302644572,350,0.678994728,463,-0.665,501,"AM","non-N fixers",NA,NA,0.299283306,0.075976391,NA,-4.4,383.95,1.71960893278196
"437",0.302644572,351,0.678994728,464,-1.907,502,"NM","non-N fixers",NA,NA,0.299283306,0.075976391,NA,-3.82,383.95,1.71960893278196
"438",0.302644572,352,0.678994728,465,NA,503,"AM","non-N fixers",NA,NA,0.299283306,0.075976391,NA,-4.4,383.95,1.71960893278196
"439",0.302644572,353,0.678994728,466,1.661,504,"AM","non-N fixers",NA,NA,0.299283306,0.075976391,NA,-4.4,383.95,1.71960893278196
"440",0.302644572,354,0.678994728,467,-0.63,505,"NM","non-N fixers",NA,NA,0.299283306,0.075976391,NA,-3.82,383.95,1.71960893278196
"441",0.302644572,355,0.678994728,468,NA,506,"AM","non-N fixers",NA,NA,0.299283306,0.075976391,NA,-4.4,383.95,1.71960893278196
"442",0.302644572,356,0.678994728,469,-2.719,507,"AM","N fixers",NA,NA,0.299283306,0.075976391,NA,-4.4,383.95,1.71960893278196
"443",0.302644572,357,0.678994728,470,-0.95,508,"AM","non-N fixers",NA,NA,0.299283306,0.075976391,NA,-4.4,383.95,1.71960893278196
"444",0.302644572,358,0.678994728,471,NA,509,"AM","N fixers",NA,NA,0.299283306,0.075976391,NA,-4.4,383.95,1.71960893278196
"445",0.302644572,359,0.678994728,472,-1.249,510,"AM","non-N fixers",NA,NA,0.299283306,0.075976391,NA,-4.4,383.95,1.71960893278196
"446",0.302644572,360,0.678994728,473,5.236,511,"NM","non-N fixers",NA,NA,0.299283306,0.075976391,NA,-3.82,383.95,1.71960893278196
"447",0.302644572,361,0.678994728,474,NA,512,"AM","non-N fixers",NA,NA,0.299283306,0.075976391,NA,-4.4,383.95,1.71960893278196
"448",0.302644572,362,0.678994728,475,NA,513,"AM","non-N fixers",NA,NA,0.299283306,0.075976391,NA,-4.4,383.95,1.71960893278196
"449",0.302644572,363,0.678994728,476,NA,514,"AM","non-N fixers",NA,NA,0.299283306,0.075976391,NA,-4.4,383.95,1.71960893278196
"450",0.302644572,364,0.678994728,477,0.958,515,"AM","non-N fixers",NA,NA,0.299283306,0.075976391,NA,-4.4,383.95,1.71960893278196
"451",0.302644572,365,0.678994728,478,NA,516,"AM","non-N fixers",NA,NA,0.299283306,0.075976391,NA,-4.4,383.95,1.71960893278196
"452",0.302644572,366,0.678994728,479,-1.027,517,"AM","N fixers",NA,NA,0.299283306,0.075976391,NA,-4.4,383.95,1.71960893278196
"453",0.302644572,367,0.678994728,480,0.669,518,"AM","non-N fixers",NA,NA,0.299283306,0.075976391,NA,-4.4,383.95,1.71960893278196
"567",0.323285991,199,0.665664839,481,NA,519,"AM","non-N fixers",NA,NA,0.319695475,0.0675192,NA,-4.4,367,2.02549573689487
"568",0.323285991,200,0.665664839,482,4.353,520,"NM","non-N fixers",NA,NA,0.319695475,0.0675192,NA,-3.82,367,2.02549573689487
"569",0.323285991,201,0.665664839,483,NA,521,"AM","N fixers",NA,NA,0.319695475,0.0675192,NA,-4.4,367,2.02549573689487
"570",0.323285991,202,0.665664839,484,4.074,522,"NM","non-N fixers",NA,NA,0.319695475,0.0675192,NA,-3.82,367,2.02549573689487
"571",0.323285991,203,0.665664839,485,1.262,523,"AM","non-N fixers",NA,NA,0.319695475,0.0675192,NA,-4.4,367,2.02549573689487
"572",0.323285991,204,0.665664839,486,NA,524,"AM","non-N fixers",NA,NA,0.319695475,0.0675192,NA,-4.4,367,2.02549573689487
"573",0.323285991,205,0.665664839,487,NA,525,"AM","non-N fixers",NA,NA,0.319695475,0.0675192,NA,-4.4,367,2.02549573689487
"574",0.323285991,206,0.665664839,488,1.362,526,"AM","N fixers",NA,NA,0.319695475,0.0675192,NA,-4.4,367,2.02549573689487
"575",0.323285991,207,0.665664839,489,4.173,527,"AM","non-N fixers",NA,NA,0.319695475,0.0675192,NA,-4.4,367,2.02549573689487
"576",0.323285991,208,0.665664839,490,NA,528,"AM","non-N fixers",NA,NA,0.319695475,0.0675192,NA,-4.4,367,2.02549573689487
"577",0.323285991,209,0.665664839,491,NA,529,"AM","non-N fixers",NA,NA,0.319695475,0.0675192,NA,-4.4,367,2.02549573689487
"578",0.323285991,210,0.665664839,492,6.059,530,"NM","non-N fixers",NA,NA,0.319695475,0.0675192,NA,-3.82,367,2.02549573689487
"409",0.299740658,268,0.673932727,493,NA,532,"AM","non-N fixers",NA,NA,0.296411645,0.071842668,NA,-4.4,376.77,1.79779425527089
"410",0.299740658,269,0.673932727,494,NA,533,"AM","non-N fixers",NA,NA,0.296411645,0.071842668,NA,-4.4,376.77,1.79779425527089
"411",0.299740658,270,0.673932727,495,-1.176,534,"AM","non-N fixers",NA,NA,0.296411645,0.071842668,NA,-4.4,376.77,1.79779425527089
"412",0.299740658,271,0.673932727,496,-1.382,535,"AM","non-N fixers",NA,NA,0.296411645,0.071842668,NA,-4.4,376.77,1.79779425527089
"413",0.299740658,272,0.673932727,497,-1.738,536,"NM","non-N fixers",NA,NA,0.296411645,0.071842668,NA,-3.82,376.77,1.79779425527089
"414",0.299740658,273,0.673932727,498,NA,537,"AM","non-N fixers",NA,NA,0.296411645,0.071842668,NA,-4.4,376.77,1.79779425527089
"415",0.299740658,274,0.673932727,499,NA,538,"NM","non-N fixers",NA,NA,0.296411645,0.071842668,NA,-3.82,376.77,1.79779425527089
"416",0.299740658,275,0.673932727,500,NA,539,"AM","non-N fixers",NA,NA,0.296411645,0.071842668,NA,-4.4,376.77,1.79779425527089
"417",0.299740658,276,0.673932727,501,-0.063,540,"AM","non-N fixers",NA,NA,0.296411645,0.071842668,NA,-4.4,376.77,1.79779425527089
"418",0.299740658,277,0.673932727,502,NA,541,"AM","non-N fixers",NA,NA,0.296411645,0.071842668,NA,-4.4,376.77,1.79779425527089
"419",0.299740658,278,0.673932727,503,NA,542,"AM","non-N fixers",NA,NA,0.296411645,0.071842668,NA,-4.4,376.77,1.79779425527089
"420",0.299740658,279,0.673932727,504,NA,543,"AM","non-N fixers",NA,NA,0.296411645,0.071842668,NA,-4.4,376.77,1.79779425527089
"421",0.299740658,280,0.673932727,505,NA,544,"AM","non-N fixers",NA,NA,0.296411645,0.071842668,NA,-4.4,376.77,1.79779425527089
"422",0.299740658,281,0.673932727,506,-3.726,545,"AM","N fixers",NA,NA,0.296411645,0.071842668,NA,-4.4,376.77,1.79779425527089
"423",0.299740658,282,0.673932727,507,-3.189,546,"AM","N fixers",NA,NA,0.296411645,0.071842668,NA,-4.4,376.77,1.79779425527089
"424",0.299740658,283,0.673932727,508,0.131,547,"AM","non-N fixers",NA,NA,0.296411645,0.071842668,NA,-4.4,376.77,1.79779425527089
"425",0.299740658,284,0.673932727,509,0.632,548,"AM","non-N fixers",NA,NA,0.296411645,0.071842668,NA,-4.4,376.77,1.79779425527089
"426",0.299740658,285,0.673932727,510,NA,549,"AM","N fixers",NA,NA,0.296411645,0.071842668,NA,-4.4,376.77,1.79779425527089
"427",0.299740658,286,0.673932727,511,0.065,550,"AM","non-N fixers",NA,NA,0.296411645,0.071842668,NA,-4.4,376.77,1.79779425527089
"428",0.299740658,287,0.673932727,512,0.374,551,"NM","non-N fixers",NA,NA,0.296411645,0.071842668,NA,-3.82,376.77,1.79779425527089
"429",0.299740658,288,0.673932727,513,-1.69,552,"AM","non-N fixers",NA,NA,0.296411645,0.071842668,NA,-4.4,376.77,1.79779425527089
"430",0.299740658,289,0.673932727,514,NA,553,"AM","non-N fixers",NA,NA,0.296411645,0.071842668,NA,-4.4,376.77,1.79779425527089
"1",0.252045546,398,0.690243451,515,-0.544,554,"AM","non-N fixers",NA,NA,0.249246249,0.082249289,NA,-4.4,400.52,1.26597923150188
"2",0.252045546,399,0.690243451,516,-0.415,555,"AM","non-N fixers",NA,NA,0.249246249,0.082249289,NA,-4.4,400.52,1.26597923150188
"3",0.252045546,400,0.690243451,517,0.138,556,"AM","non-N fixers",NA,NA,0.249246249,0.082249289,NA,-4.4,400.52,1.26597923150188
"4",0.252045546,401,0.690243451,518,NA,557,"AM","non-N fixers",NA,NA,0.249246249,0.082249289,NA,-4.4,400.52,1.26597923150188
"5",0.252045546,402,0.690243451,519,NA,558,"AM","N fixers",NA,NA,0.249246249,0.082249289,NA,-4.4,400.52,1.26597923150188
"6",0.252045546,403,0.690243451,520,NA,559,"NM","non-N fixers",NA,NA,0.249246249,0.082249289,NA,-3.82,400.52,1.26597923150188
"7",0.252045546,404,0.690243451,521,-1.444,560,"NM","non-N fixers",NA,NA,0.249246249,0.082249289,NA,-3.82,400.52,1.26597923150188
"8",0.252045546,405,0.690243451,522,NA,561,"AM","non-N fixers",NA,NA,0.249246249,0.082249289,NA,-4.4,400.52,1.26597923150188
"9",0.252045546,406,0.690243451,523,NA,562,"NM","non-N fixers",NA,NA,0.249246249,0.082249289,NA,-3.82,400.52,1.26597923150188
"10",0.252045546,407,0.690243451,524,0.952,563,"AM","non-N fixers",NA,NA,0.249246249,0.082249289,NA,-4.4,400.52,1.26597923150188
"11",0.252045546,408,0.690243451,525,NA,564,"AM","non-N fixers",NA,NA,0.249246249,0.082249289,NA,-4.4,400.52,1.26597923150188
"12",0.252045546,409,0.690243451,526,-3.399,565,"AM","N fixers",NA,NA,0.249246249,0.082249289,NA,-4.4,400.52,1.26597923150188
"13",0.252045546,410,0.690243451,527,-0.047,566,"AM","non-N fixers",NA,NA,0.249246249,0.082249289,NA,-4.4,400.52,1.26597923150188
"14",0.252045546,411,0.690243451,528,-2.516,567,"AM","N fixers",NA,NA,0.249246249,0.082249289,NA,-4.4,400.52,1.26597923150188
"15",0.252045546,412,0.690243451,529,3.484,568,"NM","non-N fixers",NA,NA,0.249246249,0.082249289,NA,-3.82,400.52,1.26597923150188
"16",0.252045546,413,0.690243451,530,NA,569,"AM","non-N fixers",NA,NA,0.249246249,0.082249289,NA,-4.4,400.52,1.26597923150188
"17",0.252045546,414,0.690243451,531,0.671,570,"AM","non-N fixers",NA,NA,0.249246249,0.082249289,NA,-4.4,400.52,1.26597923150188
"18",0.252045546,415,0.690243451,532,-0.838,571,"AM","non-N fixers",NA,NA,0.249246249,0.082249289,NA,-4.4,400.52,1.26597923150188
"19",0.252045546,416,0.690243451,533,NA,572,"AM","non-N fixers",NA,NA,0.249246249,0.082249289,NA,-4.4,400.52,1.26597923150188
"20",0.252045546,417,0.690243451,534,-0.197,573,"AM","non-N fixers",NA,NA,0.249246249,0.082249289,NA,-4.4,400.52,1.26597923150188
"21",0.252045546,418,0.690243451,535,1.527,574,"AM","non-N fixers",NA,NA,0.249246249,0.082249289,NA,-4.4,400.52,1.26597923150188
"22",0.252045546,419,0.690243451,536,NA,575,"ECM","non-N fixers",NA,NA,0.249246249,0.082249289,NA,-6.14,400.52,1.26597923150188
"57",0.260752737,255,0.669754815,537,1.083,577,"AM","non-N fixers",NA,NA,0.257856735,0.065139543,NA,-4.4,370.36,1.72792436432764
"58",0.260752737,256,0.669754815,538,0.905,578,"AM","non-N fixers",NA,NA,0.257856735,0.065139543,NA,-4.4,370.36,1.72792436432764
"59",0.260752737,257,0.669754815,539,NA,579,"AM","non-N fixers",NA,NA,0.257856735,0.065139543,NA,-4.4,370.36,1.72792436432764
"60",0.260752737,258,0.669754815,540,NA,580,"NM","non-N fixers",NA,NA,0.257856735,0.065139543,NA,-3.82,370.36,1.72792436432764
"61",0.260752737,259,0.669754815,541,-2.295,581,"NM","non-N fixers",NA,NA,0.257856735,0.065139543,NA,-3.82,370.36,1.72792436432764
"62",0.260752737,260,0.669754815,542,NA,582,"AM","non-N fixers",NA,NA,0.257856735,0.065139543,NA,-4.4,370.36,1.72792436432764
"63",0.260752737,261,0.669754815,543,2.946,583,"AM","non-N fixers",NA,NA,0.257856735,0.065139543,NA,-4.4,370.36,1.72792436432764
"64",0.260752737,262,0.669754815,544,NA,584,"AM","non-N fixers",NA,NA,0.257856735,0.065139543,NA,-4.4,370.36,1.72792436432764
"65",0.260752737,263,0.669754815,545,-0.85,585,"AM","N fixers",NA,NA,0.257856735,0.065139543,NA,-4.4,370.36,1.72792436432764
"66",0.260752737,264,0.669754815,546,0.867,586,"AM","non-N fixers",NA,NA,0.257856735,0.065139543,NA,-4.4,370.36,1.72792436432764
"67",0.260752737,265,0.669754815,547,NA,587,"AM","non-N fixers",NA,NA,0.257856735,0.065139543,NA,-4.4,370.36,1.72792436432764
"68",0.260752737,266,0.669754815,548,NA,588,"AM","non-N fixers",NA,NA,0.257856735,0.065139543,NA,-4.4,370.36,1.72792436432764
"69",0.260752737,267,0.669754815,549,1.52,589,"AM","non-N fixers",NA,NA,0.257856735,0.065139543,NA,-4.4,370.36,1.72792436432764
"128",0.26870067,177,0.653529389,550,0.071,590,"AM","non-N fixers",NA,NA,0.265716397,0.055302827,NA,-4.4,350.54,2.0492486501826
"129",0.26870067,178,0.653529389,551,0.42,591,"AM","non-N fixers",NA,NA,0.265716397,0.055302827,NA,-4.4,350.54,2.0492486501826
"130",0.26870067,179,0.653529389,552,0.807,592,"AM","non-N fixers",NA,NA,0.265716397,0.055302827,NA,-4.4,350.54,2.0492486501826
"131",0.26870067,180,0.653529389,553,NA,593,"AM","non-N fixers",NA,NA,0.265716397,0.055302827,NA,-4.4,350.54,2.0492486501826
"132",0.26870067,181,0.653529389,554,NA,594,"AM","non-N fixers",NA,NA,0.265716397,0.055302827,NA,-4.4,350.54,2.0492486501826
"133",0.26870067,182,0.653529389,555,-0.392,595,"AM","non-N fixers",NA,NA,0.265716397,0.055302827,NA,-4.4,350.54,2.0492486501826
"134",0.26870067,183,0.653529389,556,NA,596,"AM","non-N fixers",NA,NA,0.265716397,0.055302827,NA,-4.4,350.54,2.0492486501826
"135",0.26870067,184,0.653529389,557,-0.305,597,"AM","N fixers",NA,NA,0.265716397,0.055302827,NA,-4.4,350.54,2.0492486501826
"136",0.26870067,185,0.653529389,558,2.576,598,"NM","non-N fixers",NA,NA,0.265716397,0.055302827,NA,-3.82,350.54,2.0492486501826
"137",0.26870067,186,0.653529389,559,NA,599,"AM","non-N fixers",NA,NA,0.265716397,0.055302827,NA,-4.4,350.54,2.0492486501826
"138",0.26870067,187,0.653529389,560,NA,600,"AM","non-N fixers",NA,NA,0.265716397,0.055302827,NA,-4.4,350.54,2.0492486501826
"139",0.26870067,188,0.653529389,561,-0.923,601,"AM","N fixers",NA,NA,0.265716397,0.055302827,NA,-4.4,350.54,2.0492486501826
"140",0.26870067,189,0.653529389,562,-0.395,602,"AM","non-N fixers",NA,NA,0.265716397,0.055302827,NA,-4.4,350.54,2.0492486501826
"141",0.26870067,190,0.653529389,563,2.986,603,"NM","N fixers",NA,NA,0.265716397,0.055302827,NA,-3.82,350.54,2.0492486501826
"142",0.26870067,191,0.653529389,564,NA,604,"AM","non-N fixers",NA,NA,0.265716397,0.055302827,NA,-4.4,350.54,2.0492486501826
"143",0.26870067,192,0.653529389,565,NA,605,"AM","non-N fixers",NA,NA,0.265716397,0.055302827,NA,-4.4,350.54,2.0492486501826
"144",0.26870067,193,0.653529389,566,NA,606,"NM","non-N fixers",NA,NA,0.265716397,0.055302827,NA,-3.82,350.54,2.0492486501826
"145",0.26870067,194,0.653529389,567,-0.175,607,"AM","non-N fixers",NA,NA,0.265716397,0.055302827,NA,-4.4,350.54,2.0492486501826
"146",0.26870067,195,0.653529389,568,0.816,608,"AM","non-N fixers",NA,NA,0.265716397,0.055302827,NA,-4.4,350.54,2.0492486501826
"147",0.26870067,196,0.653529389,569,NA,609,"AM","non-N fixers",NA,NA,0.265716397,0.055302827,NA,-4.4,350.54,2.0492486501826
"148",0.26870067,197,0.653529389,570,0.407,610,"AM","non-N fixers",NA,NA,0.265716397,0.055302827,NA,-4.4,350.54,2.0492486501826
"149",0.26870067,198,0.653529389,571,-1.541,611,"AM","N fixers",NA,NA,0.265716397,0.055302827,NA,-4.4,350.54,2.0492486501826
"255",0.280912425,158,0.642971357,572,NA,613,"AM","non-N fixers",NA,NA,0.277792524,0.049879373,NA,-4.4,337.67,2.28286889406255
"256",0.280912425,159,0.642971357,573,0.575,614,"AM","non-N fixers",NA,NA,0.277792524,0.049879373,NA,-4.4,337.67,2.28286889406255
"257",0.280912425,160,0.642971357,574,1.025,615,"AM","non-N fixers",NA,NA,0.277792524,0.049879373,NA,-4.4,337.67,2.28286889406255
"258",0.280912425,161,0.642971357,575,2.043,616,"AM","N fixers",NA,NA,0.277792524,0.049879373,NA,-4.4,337.67,2.28286889406255
"259",0.280912425,162,0.642971357,576,NA,617,"NM","non-N fixers",NA,NA,0.277792524,0.049879373,NA,-3.82,337.67,2.28286889406255
"260",0.280912425,163,0.642971357,577,NA,618,"AM","non-N fixers",NA,NA,0.277792524,0.049879373,NA,-4.4,337.67,2.28286889406255
"261",0.280912425,164,0.642971357,578,5.242,619,"NM","non-N fixers",NA,NA,0.277792524,0.049879373,NA,-3.82,337.67,2.28286889406255
"262",0.280912425,165,0.642971357,579,NA,620,"AM","non-N fixers",NA,NA,0.277792524,0.049879373,NA,-4.4,337.67,2.28286889406255
"263",0.280912425,166,0.642971357,580,NA,621,"AM","non-N fixers",NA,NA,0.277792524,0.049879373,NA,-4.4,337.67,2.28286889406255
"264",0.280912425,167,0.642971357,581,NA,622,"AM","non-N fixers",NA,NA,0.277792524,0.049879373,NA,-4.4,337.67,2.28286889406255
"265",0.280912425,168,0.642971357,582,4.637,623,"NM","N fixers",NA,NA,0.277792524,0.049879373,NA,-3.82,337.67,2.28286889406255
"266",0.280912425,169,0.642971357,583,12.135,624,"AM","non-N fixers",NA,NA,0.277792524,0.049879373,NA,-4.4,337.67,2.28286889406255
"267",0.280912425,170,0.642971357,584,NA,625,"AM","N fixers",NA,NA,0.277792524,0.049879373,NA,-4.4,337.67,2.28286889406255
"268",0.280912425,171,0.642971357,585,NA,626,"AM","non-N fixers",NA,NA,0.277792524,0.049879373,NA,-4.4,337.67,2.28286889406255
"269",0.280912425,172,0.642971357,586,0.362,627,"AM","non-N fixers",NA,NA,0.277792524,0.049879373,NA,-4.4,337.67,2.28286889406255
"270",0.280912425,173,0.642971357,587,2.087,628,"AM","non-N fixers",NA,NA,0.277792524,0.049879373,NA,-4.4,337.67,2.28286889406255
"271",0.280912425,174,0.642971357,588,2.104,629,"AM","non-N fixers",NA,NA,0.277792524,0.049879373,NA,-4.4,337.67,2.28286889406255
"272",0.280912425,175,0.642971357,589,NA,630,"AM","non-N fixers",NA,NA,0.277792524,0.049879373,NA,-4.4,337.67,2.28286889406255
"273",0.280912425,176,0.642971357,590,0.69,631,"AM","non-N fixers",NA,NA,0.277792524,0.049879373,NA,-4.4,337.67,2.28286889406255
"324",0.287984255,135,0.623219874,591,2.053,632,"AM","non-N fixers",NA,NA,0.284785811,0.040596961,NA,-4.4,316.03,2.62391545523134
"325",0.287984255,136,0.623219874,592,1.385,633,"AM","non-N fixers",NA,NA,0.284785811,0.040596961,NA,-4.4,316.03,2.62391545523134
"326",0.287984255,137,0.623219874,593,0.874,635,"AM","non-N fixers",NA,NA,0.284785811,0.040596961,NA,-4.4,316.03,2.62391545523134
"327",0.287984255,138,0.623219874,594,1.402,636,"AM","non-N fixers",NA,NA,0.284785811,0.040596961,NA,-4.4,316.03,2.62391545523134
"328",0.287984255,139,0.623219874,595,-0.682,637,"AM","non-N fixers",NA,NA,0.284785811,0.040596961,NA,-4.4,316.03,2.62391545523134
"329",0.287984255,140,0.623219874,596,NA,638,"AM","N fixers",NA,NA,0.284785811,0.040596961,NA,-4.4,316.03,2.62391545523134
"330",0.287984255,141,0.623219874,597,NA,639,"AM","non-N fixers",NA,NA,0.284785811,0.040596961,NA,-4.4,316.03,2.62391545523134
"331",0.287984255,142,0.623219874,598,0.873,640,"AM","N fixers",NA,NA,0.284785811,0.040596961,NA,-4.4,316.03,2.62391545523134
"332",0.287984255,143,0.623219874,599,NA,641,"AM","non-N fixers",NA,NA,0.284785811,0.040596961,NA,-4.4,316.03,2.62391545523134
"333",0.287984255,144,0.623219874,600,NA,642,"AM","non-N fixers",NA,NA,0.284785811,0.040596961,NA,-4.4,316.03,2.62391545523134
"334",0.287984255,145,0.623219874,601,-0.256,643,"AM","non-N fixers",NA,NA,0.284785811,0.040596961,NA,-4.4,316.03,2.62391545523134
"335",0.287984255,146,0.623219874,602,1.212,644,"AM","non-N fixers",NA,NA,0.284785811,0.040596961,NA,-4.4,316.03,2.62391545523134
"336",0.287984255,147,0.623219874,603,2.828,645,"AM","non-N fixers",NA,NA,0.284785811,0.040596961,NA,-4.4,316.03,2.62391545523134
"337",0.287984255,148,0.623219874,604,-1.66,646,"AM","N fixers",NA,NA,0.284785811,0.040596961,NA,-4.4,316.03,2.62391545523134
"338",0.287984255,149,0.623219874,605,NA,647,"AM","N fixers",NA,NA,0.284785811,0.040596961,NA,-4.4,316.03,2.62391545523134
"339",0.287984255,150,0.623219874,606,NA,648,"AM","N fixers",NA,NA,0.284785811,0.040596961,NA,-4.4,316.03,2.62391545523134
"340",0.287984255,151,0.623219874,607,NA,649,"AM","N fixers",NA,NA,0.284785811,0.040596961,NA,-4.4,316.03,2.62391545523134
"341",0.287984255,152,0.623219874,608,0.192,650,"AM","non-N fixers",NA,NA,0.284785811,0.040596961,NA,-4.4,316.03,2.62391545523134
"342",0.287984255,153,0.623219874,609,NA,651,"AM","non-N fixers",NA,NA,0.284785811,0.040596961,NA,-4.4,316.03,2.62391545523134
"343",0.287984255,154,0.623219874,610,NA,652,"AM","non-N fixers",NA,NA,0.284785811,0.040596961,NA,-4.4,316.03,2.62391545523134
"344",0.287984255,155,0.623219874,611,NA,653,"AM","non-N fixers",NA,NA,0.284785811,0.040596961,NA,-4.4,316.03,2.62391545523134
"345",0.287984255,156,0.623219874,612,1.068,654,"AM","non-N fixers",NA,NA,0.284785811,0.040596961,NA,-4.4,316.03,2.62391545523134
"346",0.287984255,157,0.623219874,613,NA,655,"AM","non-N fixers",NA,NA,0.284785811,0.040596961,NA,-4.4,316.03,2.62391545523134
"454",0.303863745,109,0.565175941,614,NA,656,"AM","non-N fixers",NA,NA,0.300488939,0.022787755,NA,-4.4,263.23,3.38087237087405
"455",0.303863745,110,0.565175941,615,NA,657,"AM","non-N fixers",NA,NA,0.300488939,0.022787755,NA,-4.4,263.23,3.38087237087405
"456",0.303863745,111,0.565175941,616,-0.39,658,"AM","non-N fixers",NA,NA,0.300488939,0.022787755,NA,-4.4,263.23,3.38087237087405
"457",0.303863745,112,0.565175941,617,1.172,659,"AM","non-N fixers",NA,NA,0.300488939,0.022787755,NA,-4.4,263.23,3.38087237087405
"458",0.303863745,113,0.565175941,618,0.305,660,"AM","non-N fixers",NA,NA,0.300488939,0.022787755,NA,-4.4,263.23,3.38087237087405
"459",0.303863745,114,0.565175941,619,-0.975,661,"AM","non-N fixers",NA,NA,0.300488939,0.022787755,NA,-4.4,263.23,3.38087237087405
"460",0.303863745,115,0.565175941,620,NA,662,"AM","N fixers",NA,NA,0.300488939,0.022787755,NA,-4.4,263.23,3.38087237087405
"461",0.303863745,116,0.565175941,621,NA,663,"AM","N fixers",NA,NA,0.300488939,0.022787755,NA,-4.4,263.23,3.38087237087405
"462",0.303863745,117,0.565175941,622,NA,664,"AM","N fixers",NA,NA,0.300488939,0.022787755,NA,-4.4,263.23,3.38087237087405
"463",0.303863745,118,0.565175941,623,-0.212,665,"AM","non-N fixers",NA,NA,0.300488939,0.022787755,NA,-4.4,263.23,3.38087237087405
"464",0.303863745,119,0.565175941,624,0.488,666,"AM","N fixers",NA,NA,0.300488939,0.022787755,NA,-4.4,263.23,3.38087237087405
"465",0.303863745,120,0.565175941,625,0.805,668,"AM","N fixers",NA,NA,0.300488939,0.022787755,NA,-4.4,263.23,3.38087237087405
"466",0.303863745,121,0.565175941,626,NA,669,"AM","N fixers",NA,NA,0.300488939,0.022787755,NA,-4.4,263.23,3.38087237087405
"467",0.303863745,122,0.565175941,627,-0.297,670,"NM","non-N fixers",NA,NA,0.300488939,0.022787755,NA,-3.82,263.23,3.38087237087405
"468",0.303863745,123,0.565175941,628,NA,671,"AM","non-N fixers",NA,NA,0.300488939,0.022787755,NA,-4.4,263.23,3.38087237087405
"469",0.303863745,124,0.565175941,629,-0.467,672,"AM","non-N fixers",NA,NA,0.300488939,0.022787755,NA,-4.4,263.23,3.38087237087405
"470",0.303863745,125,0.565175941,630,NA,673,"AM","non-N fixers",NA,NA,0.300488939,0.022787755,NA,-4.4,263.23,3.38087237087405
"471",0.303863745,126,0.565175941,631,-2.578,674,"AM","N fixers",NA,NA,0.300488939,0.022787755,NA,-4.4,263.23,3.38087237087405
"472",0.303863745,127,0.565175941,632,-2.122,675,"AM","non-N fixers",NA,NA,0.300488939,0.022787755,NA,-4.4,263.23,3.38087237087405
"473",0.303863745,128,0.565175941,633,NA,676,"AM","non-N fixers",NA,NA,0.300488939,0.022787755,NA,-4.4,263.23,3.38087237087405
"474",0.303863745,129,0.565175941,634,NA,677,"AM","non-N fixers",NA,NA,0.300488939,0.022787755,NA,-4.4,263.23,3.38087237087405
"475",0.303863745,130,0.565175941,635,-2.091,678,"AM","non-N fixers",NA,NA,0.300488939,0.022787755,NA,-4.4,263.23,3.38087237087405
"476",0.303863745,131,0.565175941,636,NA,679,"AM","non-N fixers",NA,NA,0.300488939,0.022787755,NA,-4.4,263.23,3.38087237087405
"477",0.303863745,132,0.565175941,637,-0.597,680,"AM","non-N fixers",NA,NA,0.300488939,0.022787755,NA,-4.4,263.23,3.38087237087405
"478",0.303863745,133,0.565175941,638,NA,681,"AM","non-N fixers",NA,NA,0.300488939,0.022787755,NA,-4.4,263.23,3.38087237087405
"479",0.303863745,134,0.565175941,639,NA,682,"AM","non-N fixers",NA,NA,0.300488939,0.022787755,NA,-4.4,263.23,3.38087237087405
"550",0.322521105,92,0.513576375,640,2.362,684,"AM","non-N fixers",NA,NA,0.318939085,0.014373157,NA,-4.4,227.09,3.81136441613814
"551",0.322521105,93,0.513576375,641,NA,685,"AM","non-N fixers",NA,NA,0.318939085,0.014373157,NA,-4.4,227.09,3.81136441613814
"552",0.322521105,94,0.513576375,642,1.481,686,"AM","non-N fixers",NA,NA,0.318939085,0.014373157,NA,-4.4,227.09,3.81136441613814
"553",0.322521105,95,0.513576375,643,2.02,687,"AM","non-N fixers",NA,NA,0.318939085,0.014373157,NA,-4.4,227.09,3.81136441613814
"554",0.322521105,96,0.513576375,644,NA,688,"AM","non-N fixers",NA,NA,0.318939085,0.014373157,NA,-4.4,227.09,3.81136441613814
"555",0.322521105,97,0.513576375,645,2.836,689,"AM","non-N fixers",NA,NA,0.318939085,0.014373157,NA,-4.4,227.09,3.81136441613814
"556",0.322521105,98,0.513576375,646,2.601,690,"AM","N fixers",NA,NA,0.318939085,0.014373157,NA,-4.4,227.09,3.81136441613814
"557",0.322521105,99,0.513576375,647,1.619,691,"AM","N fixers",NA,NA,0.318939085,0.014373157,NA,-4.4,227.09,3.81136441613814
"558",0.322521105,100,0.513576375,648,NA,692,"NM","non-N fixers",NA,NA,0.318939085,0.014373157,NA,-3.82,227.09,3.81136441613814
"559",0.322521105,101,0.513576375,649,2.752,693,"AM","non-N fixers",NA,NA,0.318939085,0.014373157,NA,-4.4,227.09,3.81136441613814
"560",0.322521105,102,0.513576375,650,NA,694,"AM","non-N fixers",NA,NA,0.318939085,0.014373157,NA,-4.4,227.09,3.81136441613814
"561",0.322521105,103,0.513576375,651,NA,695,"AM","non-N fixers",NA,NA,0.318939085,0.014373157,NA,-4.4,227.09,3.81136441613814
"562",0.322521105,104,0.513576375,652,NA,696,"NM","N fixers",NA,NA,0.318939085,0.014373157,NA,-3.82,227.09,3.81136441613814
"563",0.322521105,105,0.513576375,653,NA,697,"AM","N fixers",NA,NA,0.318939085,0.014373157,NA,-4.4,227.09,3.81136441613814
"564",0.322521105,106,0.513576375,654,NA,698,"AM","non-N fixers",NA,NA,0.318939085,0.014373157,NA,-4.4,227.09,3.81136441613814
"565",0.322521105,107,0.513576375,655,3.747,699,"AM","non-N fixers",NA,NA,0.318939085,0.014373157,NA,-4.4,227.09,3.81136441613814
"566",0.322521105,108,0.513576375,656,2.539,700,"AM","non-N fixers",NA,NA,0.318939085,0.014373157,NA,-4.4,227.09,3.81136441613814
"631",0.337450641,79,0.464596585,657,NA,702,"AM","non-N fixers",NA,NA,0.333702809,0.009711629,NA,-4.4,200.2,4.06064226073621
"632",0.337450641,80,0.464596585,658,2.532,704,"AM","non-N fixers",NA,NA,0.333702809,0.009711629,NA,-4.4,200.2,4.06064226073621
"633",0.337450641,81,0.464596585,659,3.747,705,"AM","non-N fixers",NA,NA,0.333702809,0.009711629,NA,-4.4,200.2,4.06064226073621
"634",0.337450641,82,0.464596585,660,NA,706,"AM","non-N fixers",NA,NA,0.333702809,0.009711629,NA,-4.4,200.2,4.06064226073621
"635",0.337450641,83,0.464596585,661,1.873,707,"AM","non-N fixers",NA,NA,0.333702809,0.009711629,NA,-4.4,200.2,4.06064226073621
"636",0.337450641,84,0.464596585,662,1.703,708,"AM","N fixers",NA,NA,0.333702809,0.009711629,NA,-4.4,200.2,4.06064226073621
"637",0.337450641,85,0.464596585,663,2.183,709,"AM","N fixers",NA,NA,0.333702809,0.009711629,NA,-4.4,200.2,4.06064226073621
"638",0.337450641,86,0.464596585,664,NA,710,"NM","non-N fixers",NA,NA,0.333702809,0.009711629,NA,-3.82,200.2,4.06064226073621
"639",0.337450641,87,0.464596585,665,NA,711,"AM","non-N fixers",NA,NA,0.333702809,0.009711629,NA,-4.4,200.2,4.06064226073621
"640",0.337450641,88,0.464596585,666,6.074,712,"AM","non-N fixers",NA,NA,0.333702809,0.009711629,NA,-4.4,200.2,4.06064226073621
"641",0.337450641,89,0.464596585,667,5.579,713,"AM","non-N fixers",NA,NA,0.333702809,0.009711629,NA,-4.4,200.2,4.06064226073621
"642",0.337450641,90,0.464596585,668,NA,714,"AM","non-N fixers",NA,NA,0.333702809,0.009711629,NA,-4.4,200.2,4.06064226073621
"643",0.337450641,91,0.464596585,669,2.336,715,"AM","non-N fixers",NA,NA,0.333702809,0.009711629,NA,-4.4,200.2,4.06064226073621
"670",0.368218109,69,0.411865051,670,3.927,717,"AM","non-N fixers",NA,NA,0.364128563,0.006540306,NA,-4.4,175.71,4.24667985609635
"671",0.368218109,70,0.411865051,671,4.032,718,"AM","non-N fixers",NA,NA,0.364128563,0.006540306,NA,-4.4,175.71,4.24667985609635
"672",0.368218109,71,0.411865051,672,NA,719,"AM","non-N fixers",NA,NA,0.364128563,0.006540306,NA,-4.4,175.71,4.24667985609635
"673",0.368218109,72,0.411865051,673,NA,720,"AM","N fixers",NA,NA,0.364128563,0.006540306,NA,-4.4,175.71,4.24667985609635
"674",0.368218109,73,0.411865051,674,2.799,721,"AM","N fixers",NA,NA,0.364128563,0.006540306,NA,-4.4,175.71,4.24667985609635
"675",0.368218109,74,0.411865051,675,NA,722,"AM","non-N fixers",NA,NA,0.364128563,0.006540306,NA,-4.4,175.71,4.24667985609635
"676",0.368218109,75,0.411865051,676,6.209,723,"NM","N fixers",NA,NA,0.364128563,0.006540306,NA,-3.82,175.71,4.24667985609635
"677",0.368218109,76,0.411865051,677,5.773,724,"AM","non-N fixers",NA,NA,0.364128563,0.006540306,NA,-4.4,175.71,4.24667985609635
"678",0.368218109,77,0.411865051,678,NA,725,"AM","non-N fixers",NA,NA,0.364128563,0.006540306,NA,-4.4,175.71,4.24667985609635
"679",0.368218109,78,0.411865051,679,2.222,726,"AM","non-N fixers",NA,NA,0.364128563,0.006540306,NA,-4.4,175.71,4.24667985609635
"680",0.387795905,48,0.362932974,680,3.776,727,"AM","non-N fixers",NA,NA,0.383488922,0.004464055,NA,-4.4,155.12,4.35701816411472
"681",0.387795905,49,0.362932974,681,NA,728,"AM","non-N fixers",NA,NA,0.383488922,0.004464055,NA,-4.4,155.12,4.35701816411472
"682",0.387795905,50,0.362932974,682,NA,729,"AM","non-N fixers",NA,NA,0.383488922,0.004464055,NA,-4.4,155.12,4.35701816411472
"683",0.387795905,51,0.362932974,683,2.647,730,"AM","non-N fixers",NA,NA,0.383488922,0.004464055,NA,-4.4,155.12,4.35701816411472
"684",0.387795905,52,0.362932974,684,NA,731,"AM","N fixers",NA,NA,0.383488922,0.004464055,NA,-4.4,155.12,4.35701816411472
"685",0.387795905,53,0.362932974,685,NA,732,"NM","non-N fixers",NA,NA,0.383488922,0.004464055,NA,-3.82,155.12,4.35701816411472
"686",0.387795905,54,0.362932974,686,1.823,733,"AM","N fixers",NA,NA,0.383488922,0.004464055,NA,-4.4,155.12,4.35701816411472
"687",0.387795905,55,0.362932974,687,2.928,734,"AM","N fixers",NA,NA,0.383488922,0.004464055,NA,-4.4,155.12,4.35701816411472
"688",0.387795905,56,0.362932974,688,2.22,735,"AM","N fixers",NA,NA,0.383488922,0.004464055,NA,-4.4,155.12,4.35701816411472
"689",0.387795905,57,0.362932974,689,NA,736,"NM","non-N fixers",NA,NA,0.383488922,0.004464055,NA,-3.82,155.12,4.35701816411472
"690",0.387795905,58,0.362932974,690,NA,737,"NM","non-N fixers",NA,NA,0.383488922,0.004464055,NA,-3.82,155.12,4.35701816411472
"691",0.387795905,59,0.362932974,691,NA,738,"AM","non-N fixers",NA,NA,0.383488922,0.004464055,NA,-4.4,155.12,4.35701816411472
"692",0.387795905,60,0.362932974,692,NA,739,"AM","non-N fixers",NA,NA,0.383488922,0.004464055,NA,-4.4,155.12,4.35701816411472
"693",0.387795905,61,0.362932974,693,NA,740,"AM","non-N fixers",NA,NA,0.383488922,0.004464055,NA,-4.4,155.12,4.35701816411472
"694",0.387795905,62,0.362932974,694,NA,741,"NM","non-N fixers",NA,NA,0.383488922,0.004464055,NA,-3.82,155.12,4.35701816411472
"695",0.387795905,63,0.362932974,695,2.23,742,"AM","non-N fixers",NA,NA,0.383488922,0.004464055,NA,-4.4,155.12,4.35701816411472
"696",0.387795905,64,0.362932974,696,7.011,743,"AM","non-N fixers",NA,NA,0.383488922,0.004464055,NA,-4.4,155.12,4.35701816411472
"697",0.387795905,65,0.362932974,697,3.274,744,"AM","non-N fixers",NA,NA,0.383488922,0.004464055,NA,-4.4,155.12,4.35701816411472
"698",0.387795905,66,0.362932974,698,NA,745,"AM","non-N fixers",NA,NA,0.383488922,0.004464055,NA,-4.4,155.12,4.35701816411472
"699",0.387795905,67,0.362932974,699,1.988,746,"AM","non-N fixers",NA,NA,0.383488922,0.004464055,NA,-4.4,155.12,4.35701816411472
"700",0.387795905,68,0.362932974,700,NA,747,"NM","non-N fixers",NA,NA,0.383488922,0.004464055,NA,-3.82,155.12,4.35701816411472
"701",0.396291841,32,0.349786929,701,NA,748,"AM","non-N fixers",NA,NA,0.3918905,0.004010199,NA,-4.4,151.04,4.38208614712402
"702",0.396291841,33,0.349786929,702,2.515,749,"AM","non-N fixers",NA,NA,0.3918905,0.004010199,NA,-4.4,151.04,4.38208614712402
"703",0.396291841,34,0.349786929,703,2.285,750,"AM","non-N fixers",NA,NA,0.3918905,0.004010199,NA,-4.4,151.04,4.38208614712402
"704",0.396291841,35,0.349786929,704,2.6,751,"AM","N fixers",NA,NA,0.3918905,0.004010199,NA,-4.4,151.04,4.38208614712402
"705",0.396291841,36,0.349786929,705,1.785,752,"AM","N fixers",NA,NA,0.3918905,0.004010199,NA,-4.4,151.04,4.38208614712402
"706",0.396291841,37,0.349786929,706,1.922,753,"NM","non-N fixers",NA,NA,0.3918905,0.004010199,NA,-3.82,151.04,4.38208614712402
"707",0.396291841,38,0.349786929,707,2.545,754,"AM","non-N fixers",NA,NA,0.3918905,0.004010199,NA,-4.4,151.04,4.38208614712402
"708",0.396291841,39,0.349786929,708,NA,755,"AM","non-N fixers",NA,NA,0.3918905,0.004010199,NA,-4.4,151.04,4.38208614712402
"709",0.396291841,40,0.349786929,709,NA,756,"AM","non-N fixers",NA,NA,0.3918905,0.004010199,NA,-4.4,151.04,4.38208614712402
"710",0.396291841,41,0.349786929,710,NA,757,"AM","non-N fixers",NA,NA,0.3918905,0.004010199,NA,-4.4,151.04,4.38208614712402
"711",0.396291841,42,0.349786929,711,NA,758,"NM","non-N fixers",NA,NA,0.3918905,0.004010199,NA,-3.82,151.04,4.38208614712402
"712",0.396291841,43,0.349786929,712,NA,759,"AM","non-N fixers",NA,NA,0.3918905,0.004010199,NA,-4.4,151.04,4.38208614712402
"713",0.396291841,44,0.349786929,713,5.66,760,"AM","non-N fixers",NA,NA,0.3918905,0.004010199,NA,-4.4,151.04,4.38208614712402
"714",0.396291841,45,0.349786929,714,NA,761,"AM","non-N fixers",NA,NA,0.3918905,0.004010199,NA,-4.4,151.04,4.38208614712402
"715",0.396291841,46,0.349786929,715,NA,762,"AM","non-N fixers",NA,NA,0.3918905,0.004010199,NA,-4.4,151.04,4.38208614712402
"716",0.396291841,47,0.349786929,716,1.365,763,"AM","non-N fixers",NA,NA,0.3918905,0.004010199,NA,-4.4,151.04,4.38208614712402
"717",0.409290799,1,0.325873316,717,0.897,764,"AM","non-N fixers",NA,NA,0.404745088,0.003526994,NA,-4.4,145.05,4.40934110627308
"718",0.409290799,2,0.325873316,718,2.212,765,"AM","non-N fixers",NA,NA,0.404745088,0.003526994,NA,-4.4,145.05,4.40934110627308
"719",0.409290799,3,0.325873316,719,NA,766,"AM","non-N fixers",NA,NA,0.404745088,0.003526994,NA,-4.4,145.05,4.40934110627308
"720",0.409290799,4,0.325873316,720,0.369,767,"AM","non-N fixers",NA,NA,0.404745088,0.003526994,NA,-4.4,145.05,4.40934110627308
"721",0.409290799,5,0.325873316,721,NA,768,"AM","non-N fixers",NA,NA,0.404745088,0.003526994,NA,-4.4,145.05,4.40934110627308
"722",0.409290799,6,0.325873316,722,NA,769,"NM","non-N fixers",NA,NA,0.404745088,0.003526994,NA,-3.82,145.05,4.40934110627308
"723",0.409290799,7,0.325873316,723,NA,770,"NM","non-N fixers",NA,NA,0.404745088,0.003526994,NA,-3.82,145.05,4.40934110627308
"724",0.409290799,8,0.325873316,724,0.455,771,"AM","non-N fixers",NA,NA,0.404745088,0.003526994,NA,-4.4,145.05,4.40934110627308
"725",0.409290799,9,0.325873316,725,4.441,772,"AM","non-N fixers",NA,NA,0.404745088,0.003526994,NA,-4.4,145.05,4.40934110627308
"726",0.409290799,10,0.325873316,726,NA,773,"AM","non-N fixers",NA,NA,0.404745088,0.003526994,NA,-4.4,145.05,4.40934110627308
"727",0.409290799,11,0.325873316,727,2.852,774,"AM","N fixers",NA,NA,0.404745088,0.003526994,NA,-4.4,145.05,4.40934110627308
"728",0.409290799,12,0.325873316,728,4.607,775,"AM","non-N fixers",NA,NA,0.404745088,0.003526994,NA,-4.4,145.05,4.40934110627308
"729",0.409290799,13,0.325873316,729,NA,776,"AM","non-N fixers",NA,NA,0.404745088,0.003526994,NA,-4.4,145.05,4.40934110627308
"730",0.409290799,14,0.325873316,730,NA,777,"AM","non-N fixers",NA,NA,0.404745088,0.003526994,NA,-4.4,145.05,4.40934110627308
"731",0.409290799,15,0.325873316,731,0.523,778,"AM","non-N fixers",NA,NA,0.404745088,0.003526994,NA,-4.4,145.05,4.40934110627308
"732",0.419214299,16,0.326227924,732,NA,779,"AM","non-N fixers",NA,NA,0.414558374,0.00352883,NA,-4.4,145.18,4.41297951455934
"733",0.419214299,17,0.326227924,733,1.404,780,"AM","non-N fixers",NA,NA,0.414558374,0.00352883,NA,-4.4,145.18,4.41297951455934
"734",0.419214299,18,0.326227924,734,1.382,781,"AM","non-N fixers",NA,NA,0.414558374,0.00352883,NA,-4.4,145.18,4.41297951455934
"735",0.419214299,19,0.326227924,735,NA,782,"AM","N fixers",NA,NA,0.414558374,0.00352883,NA,-4.4,145.18,4.41297951455934
"736",0.419214299,20,0.326227924,736,1.563,783,"AM","N fixers",NA,NA,0.414558374,0.00352883,NA,-4.4,145.18,4.41297951455934
"737",0.419214299,21,0.326227924,737,0.513,784,"NM","non-N fixers",NA,NA,0.414558374,0.00352883,NA,-3.82,145.18,4.41297951455934
"738",0.419214299,22,0.326227924,738,NA,785,"AM","non-N fixers",NA,NA,0.414558374,0.00352883,NA,-4.4,145.18,4.41297951455934
"739",0.419214299,23,0.326227924,739,NA,786,"AM","non-N fixers",NA,NA,0.414558374,0.00352883,NA,-4.4,145.18,4.41297951455934
"740",0.419214299,24,0.326227924,740,NA,787,"AM","non-N fixers",NA,NA,0.414558374,0.00352883,NA,-4.4,145.18,4.41297951455934
"741",0.419214299,25,0.326227924,741,NA,788,"AM","non-N fixers",NA,NA,0.414558374,0.00352883,NA,-4.4,145.18,4.41297951455934
"742",0.419214299,26,0.326227924,742,4.997,789,"AM","non-N fixers",NA,NA,0.414558374,0.00352883,NA,-4.4,145.18,4.41297951455934
"743",0.419214299,27,0.326227924,743,NA,790,"AM","non-N fixers",NA,NA,0.414558374,0.00352883,NA,-4.4,145.18,4.41297951455934
"744",0.419214299,28,0.326227924,744,4.14,791,"AM","non-N fixers",NA,NA,0.414558374,0.00352883,NA,-4.4,145.18,4.41297951455934
"745",0.419214299,29,0.326227924,745,NA,792,"AM","non-N fixers",NA,NA,0.414558374,0.00352883,NA,-4.4,145.18,4.41297951455934
"746",0.419214299,30,0.326227924,746,1.212,793,"AM","non-N fixers",NA,NA,0.414558374,0.00352883,NA,-4.4,145.18,4.41297951455934
"747",0.419214299,31,0.326227924,747,NA,794,"NM","non-N fixers",NA,NA,0.414558374,0.00352883,NA,-3.82,145.18,4.41297951455934
