"","Site_ID","MAP_mm","vcmax_Constant","vcmax_Alienor","vcmax_Own","Obs_vcmax","vcmax25_Constant","vcmax25_Alienor","vcmax25_Own"
"1",1,398.38,29.4123184881512,29.2860347358797,NA,25.11706666,126.772561183399,126.228254731742,NA
"2",1,398.38,29.4123184881512,29.2825382936678,28.862606264899,25.11706666,126.772561183399,126.213184415731,124.403199295672
"3",1,398.38,29.4123184881512,29.285421294797,29.297717028831,25.11706666,126.772561183399,126.225610686621,126.278607586397
"4",1,398.38,29.4123184881512,29.2839884558453,NA,25.11706666,126.772561183399,126.219434884337,NA
"5",1,398.38,29.4123184881512,29.2825951922106,NA,25.11706666,126.772561183399,126.213429659029,NA
"6",1,398.38,29.4123184881512,29.2943918803527,30.0757501470778,25.11706666,126.772561183399,126.264275578226,129.632074982223
"7",1,398.38,29.4123184881512,29.2889054364704,NA,25.11706666,126.772561183399,126.240627985024,NA
"8",1,398.38,29.4123184881512,29.2842176790261,NA,25.11706666,126.772561183399,126.220422878865,NA
"9",1,398.38,29.4123184881512,29.2911167992515,NA,25.11706666,126.772561183399,126.250159369759,NA
"10",1,398.38,29.4123184881512,29.2867830714926,29.2546324746004,25.11706666,126.772561183399,126.231480197368,126.092905147147
"11",1,398.38,29.4123184881512,29.2987933081098,NA,25.11706666,126.772561183399,126.283246550197,NA
"12",1,398.38,29.4123184881512,29.2952782904819,NA,25.11706666,126.772561183399,126.268096170689,NA
"13",1,398.38,29.4123184881512,29.2895182945263,NA,25.11706666,126.772561183399,126.24326951719,NA
"14",1,398.38,29.4123184881512,29.2945099364784,NA,25.11706666,126.772561183399,126.264784422077,NA
"15",1,398.38,29.4123184881512,29.2826487237596,30.0553885110414,25.11706666,126.772561183399,126.213660389958,129.544312545159
"16",1,398.38,29.4123184881512,29.284964522217,NA,25.11706666,126.772561183399,126.223641911875,NA
"17",1,398.38,29.4123184881512,29.2842494358596,28.7229618459897,25.11706666,126.772561183399,126.220559756722,123.801305886717
"18",1,398.38,29.4123184881512,29.2845456935153,NA,25.11706666,126.772561183399,126.2218366823,NA
"19",1,398.38,29.4123184881512,29.2853190132014,NA,25.11706666,126.772561183399,126.225169833927,NA
"20",2,380.18,30.0096802766572,29.9997790850121,30.6040441194184,31.2326084458009,125.209686565231,125.168375725159,127.68955671952
"21",2,380.18,30.0096802766572,29.999956872641,NA,31.2326084458009,125.209686565231,125.169117510246,NA
"22",2,380.18,30.0096802766572,30.0038284465512,NA,31.2326084458009,125.209686565231,125.185270916458,NA
"23",2,380.18,30.0096802766572,29.9968843984645,29.4423471934431,31.2326084458009,125.209686565231,125.156298195776,122.842597117011
"24",2,380.18,30.0096802766572,29.9924213880783,29.8501269032305,31.2326084458009,125.209686565231,125.13767713329,124.543980443306
"25",2,380.18,30.0096802766572,29.9959783278186,NA,31.2326084458009,125.209686565231,125.152517788236,NA
"26",2,380.18,30.0096802766572,29.9983528529505,29.8624651894132,31.2326084458009,125.209686565231,125.162425042987,124.59545959708
"27",2,380.18,30.0096802766572,30.0062805473742,NA,31.2326084458009,125.209686565231,125.195501841035,NA
"28",2,380.18,30.0096802766572,29.9969862424553,30.1007291578321,31.2326084458009,125.209686565231,125.156723120468,125.589570714909
"29",2,380.18,30.0096802766572,29.9955834919555,30.8301706370391,31.2326084458009,125.209686565231,125.15087041065,128.63302663104
"30",2,380.18,30.0096802766572,29.9948829868537,NA,31.2326084458009,125.209686565231,125.147947686268,NA
"31",2,380.18,30.0096802766572,29.9998113805896,NA,31.2326084458009,125.209686565231,125.168510472318,NA
"32",2,380.18,30.0096802766572,29.9979456513529,NA,31.2326084458009,125.209686565231,125.160726071725,NA
"33",2,380.18,30.0096802766572,29.9970927144232,NA,31.2326084458009,125.209686565231,125.157167354516,NA
"34",2,380.18,30.0096802766572,30.0011064708547,NA,31.2326084458009,125.209686565231,125.173913990271,NA
"35",2,380.18,30.0096802766572,29.9969970169684,NA,31.2326084458009,125.209686565231,125.156768075076,NA
"36",2,380.18,30.0096802766572,29.9990161110489,NA,31.2326084458009,125.209686565231,125.165192361328,NA
"37",2,380.18,30.0096802766572,29.9943641966023,NA,31.2326084458009,125.209686565231,125.145783132558,NA
"38",2,380.18,30.0096802766572,29.9977769097593,NA,31.2326084458009,125.209686565231,125.160022029501,NA
"39",2,380.18,30.0096802766572,29.9874882434023,NA,31.2326084458009,125.209686565231,125.117094524846,NA
"40",2,380.18,30.0096802766572,29.9946188635678,30.5526376791561,31.2326084458009,125.209686565231,125.146845682063,127.475073119117
"41",2,380.18,30.0096802766572,29.9972100205141,30.7036812551252,31.2326084458009,125.209686565231,125.157656791882,128.105273728735
"42",2,380.18,30.0096802766572,30.0004363402057,30.8439605989119,31.2326084458009,125.209686565231,125.17111799752,128.69056262569
"43",2,380.18,30.0096802766572,29.9993595176415,NA,31.2326084458009,125.209686565231,125.166625160059,NA
"44",2,380.18,30.0096802766572,30.0050216560908,NA,31.2326084458009,125.209686565231,125.190249356451,NA
"45",2,380.18,30.0096802766572,29.9992798091664,NA,31.2326084458009,125.209686565231,125.166292591598,NA
"46",2,380.18,30.0096802766572,30.0014333136313,NA,31.2326084458009,125.209686565231,125.175277679629,NA
"47",2,380.18,30.0096802766572,30.0065226539149,NA,31.2326084458009,125.209686565231,125.196511984555,NA
"48",2,380.18,30.0096802766572,30.0007895404415,NA,31.2326084458009,125.209686565231,125.172591658366,NA
"49",2,380.18,30.0096802766572,29.9948645426123,28.5647111236066,31.2326084458009,125.209686565231,125.147870731177,119.180827441043
"50",2,380.18,30.0096802766572,30.0006922065108,NA,31.2326084458009,125.209686565231,125.172185551042,NA
"51",2,380.18,30.0096802766572,30.0002418190013,31.8275612087552,31.2326084458009,125.209686565231,125.17030639477,132.79444920257
"52",2,380.18,30.0096802766572,29.9969713332514,31.1787416837578,31.2326084458009,125.209686565231,125.156660914649,130.087373065358
"53",2,380.18,30.0096802766572,29.9997451378712,NA,31.2326084458009,125.209686565231,125.168234087167,NA
"54",2,380.18,30.0096802766572,29.998557027192,NA,31.2326084458009,125.209686565231,125.1632769212,NA
"55",2,380.18,30.0096802766572,29.9944471339497,NA,31.2326084458009,125.209686565231,125.146129172875,NA
"56",2,380.18,30.0096802766572,30.0027955076614,NA,31.2326084458009,125.209686565231,125.180961175287,NA
"57",2,380.18,30.0096802766572,30.0000996503182,NA,31.2326084458009,125.209686565231,125.169713222964,NA
"58",2,380.18,30.0096802766572,30.0023617668055,NA,31.2326084458009,125.209686565231,125.179151474013,NA
"59",2,380.18,30.0096802766572,30.0057213752149,NA,31.2326084458009,125.209686565231,125.19316880149,NA
"60",2,380.18,30.0096802766572,29.9986684037532,NA,31.2326084458009,125.209686565231,125.16374161873,NA
"61",2,380.18,30.0096802766572,29.9991058345593,NA,31.2326084458009,125.209686565231,125.16556671562,NA
"62",2,380.18,30.0096802766572,29.9923960338517,NA,31.2326084458009,125.209686565231,125.1375713476,NA
"63",3,555.22,23.4262057643925,23.214456118282,22.9132649521568,20.520660073672,96.6322613791614,95.7588016582108,94.5163988643987
"64",3,555.22,23.4262057643925,23.2156874706948,NA,20.520660073672,96.6322613791614,95.7638809428974,NA
"65",3,555.22,23.4262057643925,23.2151221786027,23.5332707181473,20.520660073672,96.6322613791614,95.7615491332247,97.0739004862296
"66",3,555.22,23.4262057643925,23.2141875487559,22.6919767103733,20.520660073672,96.6322613791614,95.757693818516,93.603592777266
"67",3,555.22,23.4262057643925,23.215218087362,NA,20.520660073672,96.6322613791614,95.7619447534285,NA
"68",3,555.22,23.4262057643925,23.2146242027267,22.9228088903936,20.520660073672,96.6322613791614,95.759495000537,94.5557672684653
"69",3,555.22,23.4262057643925,23.2144072384038,NA,20.520660073672,96.6322613791614,95.7586000304607,NA
"70",3,555.22,23.4262057643925,23.2144766184005,22.5997787855496,20.520660073672,96.6322613791614,95.7588862204671,93.2232796330982
"71",3,555.22,23.4262057643925,23.215115397875,22.410069319045,20.520660073672,96.6322613791614,95.7615211629653,92.440734865168
"72",3,555.22,23.4262057643925,23.2138413761043,NA,20.520660073672,96.6322613791614,95.7562658687026,NA
"73",3,555.22,23.4262057643925,23.2149388415872,23.2753322265704,20.520660073672,96.6322613791614,95.7607928745894,96.0099134288082
"74",3,555.22,23.4262057643925,23.2150016964356,22.4962868141062,20.520660073672,96.6322613791614,95.7610521485919,92.7963789503438
"75",3,555.22,23.4262057643925,23.215320306023,22.9457233278996,20.520660073672,96.6322613791614,95.762366401751,94.6502885040725
"76",3,555.22,23.4262057643925,23.2148875078353,22.4974049515346,20.520660073672,96.6322613791614,95.7605811246978,92.8009912272666
"77",3,555.22,23.4262057643925,23.2147407948561,22.5928940399376,20.520660073672,96.6322613791614,95.7599759389031,93.1948803035523
"78",3,555.22,23.4262057643925,23.2144258311057,22.22007742425,20.520660073672,96.6322613791614,95.7586767246911,91.6570250906361
"79",3,555.22,23.4262057643925,23.214011624065,22.9186565741921,20.520660073672,96.6322613791614,95.7569681354548,94.5386391125638
"80",3,555.22,23.4262057643925,23.215712112942,NA,20.520660073672,96.6322613791614,95.7639825912861,NA
"81",3,555.22,23.4262057643925,23.2141671233756,22.8166254082924,20.520660073672,96.6322613791614,95.7576095645527,94.117764200459
"82",3,555.22,23.4262057643925,23.2150550707882,22.4137139898989,20.520660073672,96.6322613791614,95.7612723158886,92.4557690021572
"83",3,555.22,23.4262057643925,23.2145875659775,23.0382709330278,20.520660073672,96.6322613791614,95.759343875256,95.0320440669965
"84",3,555.22,23.4262057643925,23.2146807547474,23.8136633819603,20.520660073672,96.6322613791614,95.7597282756007,98.2305102014725
"85",3,555.22,23.4262057643925,23.2142317160928,NA,20.520660073672,96.6322613791614,95.7578760072021,NA
"86",3,555.22,23.4262057643925,23.2146589420581,NA,20.520660073672,96.6322613791614,95.759638299037,NA
"87",4,582.84,22.7618957001466,22.5568123389404,21.1484458191213,20.1146789721424,95.7765670171453,94.9136256985738,88.987559076219
"88",4,582.84,22.7618957001466,22.5554853431281,21.1219881148483,20.1146789721424,95.7765670171453,94.9080420202623,88.8762314381436
"89",4,582.84,22.7618957001466,22.5570146395406,21.7799886491405,20.1146789721424,95.7765670171453,94.9144769307053,91.6449389790336
"90",4,582.84,22.7618957001466,22.5568543245497,NA,20.1146789721424,95.7765670171453,94.9138023638911,NA
"91",4,582.84,22.7618957001466,22.555938936507,22.2210750097012,20.1146789721424,95.7765670171453,94.9099506317958,93.5009239957968
"92",4,582.84,22.7618957001466,22.5558981782066,NA,20.1146789721424,95.7765670171453,94.9097791306985,NA
"93",4,582.84,22.7618957001466,22.5570943904996,22.2626907905725,20.1146789721424,95.7765670171453,94.9148125035051,93.6760331641232
"94",4,582.84,22.7618957001466,22.556107066634,21.4147538415832,20.1146789721424,95.7765670171453,94.9106580828178,90.108119002182
"95",4,582.84,22.7618957001466,22.5555866167982,21.6651910681691,20.1146789721424,95.7765670171453,94.9084681554394,91.1618984470785
"96",4,582.84,22.7618957001466,22.556724705176,NA,20.1146789721424,95.7765670171453,94.9132569568303,NA
"97",4,582.84,22.7618957001466,22.555964330442,21.1347543842288,20.1146789721424,95.7765670171453,94.9100574833492,88.9299488205173
"98",4,582.84,22.7618957001466,22.5570130860469,22.0897211874568,20.1146789721424,95.7765670171453,94.9144703939784,92.9482187938714
"99",4,582.84,22.7618957001466,22.5564023225018,21.2028936800199,20.1146789721424,95.7765670171453,94.9119004482947,89.2166625422482
"100",4,582.84,22.7618957001466,22.5561182983324,NA,20.1146789721424,95.7765670171453,94.9107053430957,NA
"101",4,582.84,22.7618957001466,22.556797706781,NA,20.1146789721424,95.7765670171453,94.9135641299764,NA
"102",4,582.84,22.7618957001466,22.5561473375935,23.2830107555326,20.1146789721424,95.7765670171453,94.9108275333021,97.9692934790934
"103",4,582.84,22.7618957001466,22.5564935050398,NA,20.1146789721424,95.7765670171453,94.9122841224218,NA
"104",4,582.84,22.7618957001466,22.5560267244918,22.4878293830031,20.1146789721424,95.7765670171453,94.9103200224616,94.6233620584359
"105",4,582.84,22.7618957001466,22.5565291836786,NA,20.1146789721424,95.7765670171453,94.9124342495285,NA
"106",4,582.84,22.7618957001466,22.5562974756098,21.3203553854315,20.1146789721424,95.7765670171453,94.9114592778621,89.7109130672708
"107",4,582.84,22.7618957001466,22.556751326694,NA,20.1146789721424,95.7765670171453,94.9133689737569,NA
"108",4,582.84,22.7618957001466,22.5558451315449,NA,20.1146789721424,95.7765670171453,94.9095559231405,NA
"109",4,582.84,22.7618957001466,22.5563062799062,22.0779330557117,20.1146789721424,95.7765670171453,94.9114963242175,92.898617178744
"110",4,582.84,22.7618957001466,22.5561310878027,NA,20.1146789721424,95.7765670171453,94.9107591581017,NA
"111",4,582.84,22.7618957001466,22.5564152769401,21.7572914460356,20.1146789721424,95.7765670171453,94.9119549574465,91.549434622854
"112",4,582.84,22.7618957001466,22.5573554860724,NA,20.1146789721424,95.7765670171453,94.9159111307001,NA
"113",5,568.01,21.2394027947904,21.0487342362167,20.0577902266738,20.2200729473808,98.4619006780387,97.5779968857289,92.9841657131762
"114",5,568.01,21.2394027947904,21.0489084762124,NA,20.2200729473808,98.4619006780387,97.5788046297751,NA
"115",5,568.01,21.2394027947904,21.048848695601,NA,20.2200729473808,98.4619006780387,97.5785274980365,NA
"116",5,568.01,21.2394027947904,21.0489836310651,20.0339241825847,20.2200729473808,98.4619006780387,97.579153033622,92.8735271945048
"117",5,568.01,21.2394027947904,21.0486225706442,NA,20.2200729473808,98.4619006780387,97.5774792250107,NA
"118",5,568.01,21.2394027947904,21.0486687228472,NA,20.2200729473808,98.4619006780387,97.5776931779956,NA
"119",5,568.01,21.2394027947904,21.0494199219764,20.3485548804487,20.2200729473808,98.4619006780387,97.5811755967229,94.3320962900043
"120",5,568.01,21.2394027947904,21.0488432662885,20.1408721544272,20.2200729473808,98.4619006780387,97.5785023287587,93.3693179981831
"121",5,568.01,21.2394027947904,21.049087424215,NA,20.2200729473808,98.4619006780387,97.5796341992611,NA
"122",5,568.01,21.2394027947904,21.0490793630696,NA,20.2200729473808,98.4619006780387,97.5795968292982,NA
"123",5,568.01,21.2394027947904,21.0489803765176,20.0042788815587,20.2200729473808,98.4619006780387,97.5791379461484,92.7360971210988
"124",5,568.01,21.2394027947904,21.0486634509128,20.0445404345971,20.2200729473808,98.4619006780387,97.5776687382933,92.9227421541399
"125",5,568.01,21.2394027947904,21.0488037793269,NA,20.2200729473808,98.4619006780387,97.5783192745869,NA
"126",5,568.01,21.2394027947904,21.0490418007027,NA,20.2200729473808,98.4619006780387,97.5794226971872,NA
"127",5,568.01,21.2394027947904,21.0488315577998,NA,20.2200729473808,98.4619006780387,97.5784480503942,NA
"128",5,568.01,21.2394027947904,21.0486981313229,20.0891235107697,20.2200729473808,98.4619006780387,97.5778295101912,93.1294209605282
"129",5,568.01,21.2394027947904,21.0487296106007,20.3995916876101,20.2200729473808,98.4619006780387,97.5779754422379,94.5686933867404
"130",5,568.01,21.2394027947904,21.0484086131105,NA,20.2200729473808,98.4619006780387,97.5764873578834,NA
"131",5,568.01,21.2394027947904,21.0487929842877,20.3337143672567,20.2200729473808,98.4619006780387,97.5782692308031,94.2632984452609
"132",5,568.01,21.2394027947904,21.048858581389,20.7616899277272,20.2200729473808,98.4619006780387,97.5785733267015,96.2473131341303
"133",5,568.01,21.2394027947904,21.0489839375455,NA,20.2200729473808,98.4619006780387,97.5791544544081,NA
"134",5,568.01,21.2394027947904,21.0490075839356,20.6351049031087,20.2200729473808,98.4619006780387,97.5792640746516,95.6604886249037
"135",5,568.01,21.2394027947904,21.0483657439264,NA,20.2200729473808,98.4619006780387,97.5762886243604,NA
"136",5,568.01,21.2394027947904,21.0488642368578,19.9819501248871,20.2200729473808,98.4619006780387,97.5785995443975,92.6325851795013
"137",5,568.01,21.2394027947904,21.0483678907173,20.648939374456,20.2200729473808,98.4619006780387,97.5762985764818,95.7246226477337
"138",5,568.01,21.2394027947904,21.0487788512814,NA,20.2200729473808,98.4619006780387,97.5782037128284,NA
"139",5,568.01,21.2394027947904,21.0487523422539,NA,20.2200729473808,98.4619006780387,97.5780808219326,NA
"140",5,568.01,21.2394027947904,21.0486890378841,NA,20.2200729473808,98.4619006780387,97.577787354709,NA
"141",5,568.01,21.2394027947904,21.048532939201,20.1187150352679,20.2200729473808,98.4619006780387,97.5770637103967,93.266601736005
"142",5,568.01,21.2394027947904,21.0487421758336,NA,20.2200729473808,98.4619006780387,97.5780336923086,NA
"143",5,568.01,21.2394027947904,21.0488064972575,20.2818397585962,20.2200729473808,98.4619006780387,97.578331874405,94.0228174574013
"144",5,568.01,21.2394027947904,21.0490850978907,20.8461795684878,20.2200729473808,98.4619006780387,97.5796234148566,96.6389913134683
"145",5,568.01,21.2394027947904,21.0482262324012,20.5210911070626,20.2200729473808,98.4619006780387,97.575641875011,95.1319419811643
"146",5,568.01,21.2394027947904,21.048654540602,NA,20.2200729473808,98.4619006780387,97.5776274317582,NA
"147",5,568.01,21.2394027947904,21.0492241575202,20.0719669564155,20.2200729473808,98.4619006780387,97.5802680693017,93.0498863819376
"148",5,568.01,21.2394027947904,21.0485749134087,20.38387628317,20.2200729473808,98.4619006780387,97.5772582949763,94.4958397097302
"149",5,568.01,21.2394027947904,21.0487551767273,20.0754487367346,20.2200729473808,98.4619006780387,97.5780939620216,93.0660272645828
"150",5,568.01,21.2394027947904,21.0483088708505,NA,20.2200729473808,98.4619006780387,97.5760249714127,NA
"151",5,568.01,21.2394027947904,21.0486796263562,20.0635687955102,20.2200729473808,98.4619006780387,97.5777437246249,93.0109540780062
"152",5,568.01,21.2394027947904,21.0491896024666,NA,20.2200729473808,98.4619006780387,97.5801078785333,NA
"153",5,568.01,21.2394027947904,21.0491851325139,20.834087286814,20.2200729473808,98.4619006780387,97.5800871566685,96.5829337562648
"154",5,568.01,21.2394027947904,21.0488737438186,20.117537728378,20.2200729473808,98.4619006780387,97.5786436168905,93.2611439613596
"155",6,568.96,21.6741108496519,21.5270862131111,20.6504354673129,16.87172023404,98.8133308162313,98.1430383115273,94.1463447098497
"156",6,568.96,21.6741108496519,21.5264829142007,20.5484870813977,16.87172023404,98.8133308162313,98.1402878423049,93.681557035121
"157",6,568.96,21.6741108496519,21.5267331685496,NA,16.87172023404,98.8133308162313,98.1414287641145,NA
"158",6,568.96,21.6741108496519,21.5260005579568,NA,16.87172023404,98.8133308162313,98.1380887566112,NA
"159",6,568.96,21.6741108496519,21.5266134442933,NA,16.87172023404,98.8133308162313,98.1408829353776,NA
"160",6,568.96,21.6741108496519,21.526680830569,NA,16.87172023404,98.8133308162313,98.1411901527024,NA
"161",6,568.96,21.6741108496519,21.5267072408385,NA,16.87172023404,98.8133308162313,98.1413105584121,NA
"162",6,568.96,21.6741108496519,21.5265787321958,NA,16.87172023404,98.8133308162313,98.1407246812284,NA
"163",6,568.96,21.6741108496519,21.5270712029517,20.1898496008902,16.87172023404,98.8133308162313,98.1429698794769,92.0465112309212
"164",6,568.96,21.6741108496519,21.526909155697,20.2062149711397,16.87172023404,98.8133308162313,98.1422310981216,92.1211217538449
"165",6,568.96,21.6741108496519,21.5268326859457,20.7922611835049,16.87172023404,98.8133308162313,98.1418824687877,94.7929350825551
"166",6,568.96,21.6741108496519,21.5264737149294,NA,16.87172023404,98.8133308162313,98.1402459023776,NA
"167",6,568.96,21.6741108496519,21.526613155009,20.4243330594858,16.87172023404,98.8133308162313,98.1408816165165,93.1155327804495
"168",6,568.96,21.6741108496519,21.5271517942384,NA,16.87172023404,98.8133308162313,98.1433372990923,NA
"169",6,568.96,21.6741108496519,21.5271210728984,NA,16.87172023404,98.8133308162313,98.1431972390018,NA
"170",6,568.96,21.6741108496519,21.5264623222025,NA,16.87172023404,98.8133308162313,98.1401939623788,NA
"171",6,568.96,21.6741108496519,21.5265425743235,NA,16.87172023404,98.8133308162313,98.1405598357213,NA
"172",6,568.96,21.6741108496519,21.5269865808537,NA,16.87172023404,98.8133308162313,98.1425840831959,NA
"173",6,568.96,21.6741108496519,21.5265586844896,20.5426964233593,16.87172023404,98.8133308162313,98.1406332827557,93.6551571420711
"174",6,568.96,21.6741108496519,21.5268467094855,20.7394531893432,16.87172023404,98.8133308162313,98.141946402791,94.5521808558631
"175",6,568.96,21.6741108496519,21.5268083815327,20.4955428449831,16.87172023404,98.8133308162313,98.1417716637808,93.4401816733387
"176",6,568.96,21.6741108496519,21.526340092276,NA,16.87172023404,98.8133308162313,98.1396367101692,NA
"177",6,568.96,21.6741108496519,21.5270807373506,20.4094050046502,16.87172023404,98.8133308162313,98.1430133472677,93.0474750487554
"178",6,568.96,21.6741108496519,21.5265888690969,20.1367287835838,16.87172023404,98.8133308162313,98.1407708958561,91.8043308282219
"179",6,568.96,21.6741108496519,21.5269128971104,20.2809622020437,16.87172023404,98.8133308162313,98.1422481554082,92.4618980332573
"180",6,568.96,21.6741108496519,21.5270611416743,NA,16.87172023404,98.8133308162313,98.1429240096214,NA
"181",6,568.96,21.6741108496519,21.5268500852001,NA,16.87172023404,98.8133308162313,98.1419617928391,NA
"182",6,568.96,21.6741108496519,21.5270246659505,20.2672611939087,16.87172023404,98.8133308162313,98.1427577150137,92.3994344674502
"183",6,568.96,21.6741108496519,21.5265521179176,NA,16.87172023404,98.8133308162313,98.1406033454329,NA
"184",6,568.96,21.6741108496519,21.5264729571486,NA,16.87172023404,98.8133308162313,98.1402424476176,NA
"185",6,568.96,21.6741108496519,21.5270658103209,20.8529353182893,16.87172023404,98.8133308162313,98.1429452942095,95.0695514288505
"186",6,568.96,21.6741108496519,21.5266771775841,NA,16.87172023404,98.8133308162313,98.1411734985659,NA
"187",6,568.96,21.6741108496519,21.5270370725711,NA,16.87172023404,98.8133308162313,98.1428142774035,NA
"188",6,568.96,21.6741108496519,21.5263792329053,20.764774723185,16.87172023404,98.8133308162313,98.1398151542111,94.6676229663904
"189",6,568.96,21.6741108496519,21.5268136169111,NA,16.87172023404,98.8133308162313,98.1417955321267,NA
"190",6,568.96,21.6741108496519,21.5266969950838,NA,16.87172023404,98.8133308162313,98.1412638475156,NA
"191",6,568.96,21.6741108496519,21.526552385433,NA,16.87172023404,98.8133308162313,98.1406045650488,NA
"192",6,568.96,21.6741108496519,21.527005543258,NA,16.87172023404,98.8133308162313,98.1426705337238,NA
"193",6,568.96,21.6741108496519,21.5265388280101,20.6122566473093,16.87172023404,98.8133308162313,98.1405427560951,93.9722856032339
"194",6,568.96,21.6741108496519,21.5265313146831,20.652954658712,16.87172023404,98.8133308162313,98.1405085024703,94.1578298265789
"195",6,568.96,21.6741108496519,21.5272513266301,NA,16.87172023404,98.8133308162313,98.1437910721313,NA
"196",6,568.96,21.6741108496519,21.5269868916339,NA,16.87172023404,98.8133308162313,98.1425855000578,NA
"197",6,568.96,21.6741108496519,21.5262250280604,NA,16.87172023404,98.8133308162313,98.1391121267857,NA
"198",6,568.96,21.6741108496519,21.5268767257846,NA,16.87172023404,98.8133308162313,98.1420832485658,NA
"199",6,568.96,21.6741108496519,21.5268910235992,20.8060896960326,16.87172023404,98.8133308162313,98.1421484330016,94.8559799471206
"200",6,568.96,21.6741108496519,21.5266251629541,NA,16.87172023404,98.8133308162313,98.1409363613251,NA
"201",6,568.96,21.6741108496519,21.526758904319,NA,16.87172023404,98.8133308162313,98.1415460947451,NA
"202",6,568.96,21.6741108496519,21.52680709609,NA,16.87172023404,98.8133308162313,98.1417658033848,NA
"203",6,568.96,21.6741108496519,21.5271735662885,20.1819711126002,16.87172023404,98.8133308162313,98.1434365589333,92.0105928176987
"204",7,554.73,22.6153092881447,22.3825705894951,NA,20.538914233206,100.870371907923,99.8322946129793,NA
"205",7,554.73,22.6153092881447,22.3833754254086,NA,20.538914233206,100.870371907923,99.8358843979733,NA
"206",7,554.73,22.6153092881447,22.3828279628881,NA,20.538914233206,100.870371907923,99.8334425676477,NA
"207",7,554.73,22.6153092881447,22.3826544746062,NA,20.538914233206,100.870371907923,99.8326687631732,NA
"208",7,554.73,22.6153092881447,22.3822251321082,NA,20.538914233206,100.870371907923,99.8307537799685,NA
"209",7,554.73,22.6153092881447,22.3820179388508,NA,20.538914233206,100.870371907923,99.8298296422233,NA
"210",7,554.73,22.6153092881447,22.3828720650581,NA,20.538914233206,100.870371907923,99.8336392752068,NA
"211",7,554.73,22.6153092881447,22.3828929579231,21.8136040048218,20.538914233206,100.870371907923,99.833732463013,97.2945503677896
"212",7,554.73,22.6153092881447,22.382187508144,NA,20.538914233206,100.870371907923,99.8305859669525,NA
"213",7,554.73,22.6153092881447,22.382033353692,21.3368004012886,20.538914233206,100.870371907923,99.8298983965681,95.1678778468595
"214",7,554.73,22.6153092881447,22.3830591929139,NA,20.538914233206,100.870371907923,99.8344739158551,NA
"215",7,554.73,22.6153092881447,22.3825722502242,NA,20.538914233206,100.870371907923,99.8323020202784,NA
"216",7,554.73,22.6153092881447,22.3828450067734,NA,20.538914233206,100.870371907923,99.8335185879674,NA
"217",7,554.73,22.6153092881447,22.3823012176712,21.7318491299231,20.538914233206,100.870371907923,99.831093142077,96.9299016012725
"218",7,554.73,22.6153092881447,22.3824800921904,NA,20.538914233206,100.870371907923,99.8318909706206,NA
"219",7,554.73,22.6153092881447,22.3830233346164,21.3475233698271,20.538914233206,100.870371907923,99.8343139781882,95.2157051752702
"220",7,554.73,22.6153092881447,22.382656288411,NA,20.538914233206,100.870371907923,99.832676853231,NA
"221",7,554.73,22.6153092881447,22.3830015912711,22.9128365234518,20.538914233206,100.870371907923,99.8342169970107,102.197423530157
"222",7,554.73,22.6153092881447,22.3828246642047,21.4455911115611,20.538914233206,100.870371907923,99.8334278546308,95.6531137224999
"223",7,554.73,22.6153092881447,22.3820701162446,NA,20.538914233206,100.870371907923,99.8300623674564,NA
"224",7,554.73,22.6153092881447,22.3822966544868,NA,20.538914233206,100.870371907923,99.831072789045,NA
"225",7,554.73,22.6153092881447,22.3821500943076,NA,20.538914233206,100.870371907923,99.8304190911631,NA
"226",7,554.73,22.6153092881447,22.3827531958009,NA,20.538914233206,100.870371907923,99.8331090862965,NA
"227",7,554.73,22.6153092881447,22.3827854578632,21.3614510127125,20.538914233206,100.870371907923,99.8332529837857,95.2778262145956
"228",7,554.73,22.6153092881447,22.3826237418865,21.5318552125725,20.538914233206,100.870371907923,99.8325316869637,96.0378748522485
"229",7,554.73,22.6153092881447,22.3829761889736,NA,20.538914233206,100.870371907923,99.8341036959203,NA
"230",7,554.73,22.6153092881447,22.3830602238978,21.3649419266654,20.538914233206,100.870371907923,99.8344785143208,95.2933966312653
"231",7,554.73,22.6153092881447,22.3826437364514,21.084059369497,20.538914233206,100.870371907923,99.8326208681097,94.0405847575461
"232",7,554.73,22.6153092881447,22.3822229311496,NA,20.538914233206,100.870371907923,99.8307439631003,NA
"233",7,554.73,22.6153092881447,22.3826089505912,NA,20.538914233206,100.870371907923,99.8324657138022,NA
"234",7,554.73,22.6153092881447,22.382126563211,NA,20.538914233206,100.870371907923,99.8303141361329,NA
"235",7,554.73,22.6153092881447,22.3830324246068,NA,20.538914233206,100.870371907923,99.8343545219941,NA
"236",7,554.73,22.6153092881447,22.3825198164201,21.1557170513629,20.538914233206,100.870371907923,99.8320681513865,94.3601973229889
"237",7,554.73,22.6153092881447,22.3827013000588,NA,20.538914233206,100.870371907923,99.8328776173063,NA
"238",7,554.73,22.6153092881447,22.3821778710459,NA,20.538914233206,100.870371907923,99.830542982899,NA
"239",7,554.73,22.6153092881447,22.3829016659891,21.2821443019508,20.538914233206,100.870371907923,99.8337713033335,94.9240969196567
"240",7,554.73,22.6153092881447,22.3823923597666,NA,20.538914233206,100.870371907923,99.8314996603755,NA
"241",7,554.73,22.6153092881447,22.382567236376,NA,20.538914233206,100.870371907923,99.8322796571645,NA
"242",7,554.73,22.6153092881447,22.382410013533,NA,20.538914233206,100.870371907923,99.8315784009296,NA
"243",7,554.73,22.6153092881447,22.382013377661,NA,20.538914233206,100.870371907923,99.8298092980884,NA
"244",8,635.3,22.2674552112176,22.0805861383561,21.3761076964306,21.4252,112.52839518403,111.584053916509,108.023978112621
"245",8,635.3,22.2674552112176,22.0806797221041,NA,21.4252,112.52839518403,111.584526841182,NA
"246",8,635.3,22.2674552112176,22.0804336663165,NA,21.4252,112.52839518403,111.583283400356,NA
"247",8,635.3,22.2674552112176,22.0805407342233,NA,21.4252,112.52839518403,111.583824467111,NA
"248",8,635.3,22.2674552112176,22.0806577444739,NA,21.4252,112.52839518403,111.584415777415,NA
"249",8,635.3,22.2674552112176,22.0809314524327,NA,21.4252,112.52839518403,111.585798958253,NA
"250",8,635.3,22.2674552112176,22.0806244800094,NA,21.4252,112.52839518403,111.584247675727,NA
"251",8,635.3,22.2674552112176,22.0811132000562,NA,21.4252,112.52839518403,111.586717418319,NA
"252",8,635.3,22.2674552112176,22.0807207820377,NA,21.4252,112.52839518403,111.584734337206,NA
"253",8,635.3,22.2674552112176,22.0806784842824,NA,21.4252,112.52839518403,111.58452058586,NA
"254",8,635.3,22.2674552112176,22.0805286594117,21.3613408050359,21.4252,112.52839518403,111.583763447153,107.949353752776
"255",8,635.3,22.2674552112176,22.080536592028,NA,21.4252,112.52839518403,111.583803534562,NA
"256",8,635.3,22.2674552112176,22.0810027734384,NA,21.4252,112.52839518403,111.586159378348,NA
"257",8,635.3,22.2674552112176,22.0812025151066,NA,21.4252,112.52839518403,111.587168771166,NA
"258",8,635.3,22.2674552112176,22.0807654244856,NA,21.4252,112.52839518403,111.584959937437,NA
"259",8,635.3,22.2674552112176,22.0810068937159,NA,21.4252,112.52839518403,111.586180200135,NA
"260",8,635.3,22.2674552112176,22.0808216139763,NA,21.4252,112.52839518403,111.585243890549,NA
"261",8,635.3,22.2674552112176,22.0806388765485,NA,21.4252,112.52839518403,111.584320428515,NA
"262",8,635.3,22.2674552112176,22.0813882602852,NA,21.4252,112.52839518403,111.588107432843,NA
"263",8,635.3,22.2674552112176,22.0806615474792,NA,21.4252,112.52839518403,111.58443499587,NA
"264",8,635.3,22.2674552112176,22.0814732789671,NA,21.4252,112.52839518403,111.588537074028,NA
"265",8,635.3,22.2674552112176,22.0807383718024,20.9744232851451,21.4252,112.52839518403,111.584823226933,105.994069362669
"266",8,635.3,22.2674552112176,22.0804235148452,20.7505336773453,21.4252,112.52839518403,111.583232099982,104.862645137264
"267",8,635.3,22.2674552112176,22.0805919811657,20.9030894216295,21.4252,112.52839518403,111.584083443098,105.633584291181
"268",8,635.3,22.2674552112176,22.0806204454718,22.0827340291923,21.4252,112.52839518403,111.584227287226,111.594908264549
"269",8,635.3,22.2674552112176,22.0810063575858,NA,21.4252,112.52839518403,111.586177490806,NA
"270",8,635.3,22.2674552112176,22.0809698148465,NA,21.4252,112.52839518403,111.585992822384,NA
"271",8,635.3,22.2674552112176,22.0808578561421,NA,21.4252,112.52839518403,111.585427040025,NA
"272",8,635.3,22.2674552112176,22.0809753345085,NA,21.4252,112.52839518403,111.586020715949,NA
"273",8,635.3,22.2674552112176,22.0807780605978,NA,21.4252,112.52839518403,111.585023793922,NA
"274",8,635.3,22.2674552112176,22.0815219813298,20.8330824997211,21.4252,112.52839518403,111.588783191003,105.279804907798
"275",8,635.3,22.2674552112176,22.0813848982422,20.8790961366821,21.4252,112.52839518403,111.588090442787,105.512334430129
"276",8,635.3,22.2674552112176,22.0813899545048,NA,21.4252,112.52839518403,111.588115994567,NA
"277",8,635.3,22.2674552112176,22.0808519561826,NA,21.4252,112.52839518403,111.58539722463,NA
"278",8,635.3,22.2674552112176,22.0809549183195,NA,21.4252,112.52839518403,111.585917542912,NA
"279",8,635.3,22.2674552112176,22.080786154652,NA,21.4252,112.52839518403,111.585064697156,NA
"280",8,635.3,22.2674552112176,22.081367499579,NA,21.4252,112.52839518403,111.588002518791,NA
"281",8,635.3,22.2674552112176,22.0806808745773,NA,21.4252,112.52839518403,111.584532665196,NA
"282",8,635.3,22.2674552112176,22.0809073575522,NA,21.4252,112.52839518403,111.585677194979,NA
"283",9,709.95,20.8202491990598,20.6995603709781,20.5183950896664,22.5044359841713,105.899570684681,105.285702187811,104.36422784183
"284",9,709.95,20.8202491990598,20.6994085940262,19.8161137120521,22.5044359841713,105.899570684681,105.284930193495,100.792162220609
"285",9,709.95,20.8202491990598,20.6995493157492,19.9151005106876,22.5044359841713,105.899570684681,105.285645956784,101.295646082821
"286",9,709.95,20.8202491990598,20.6997885161563,NA,22.5044359841713,105.899570684681,105.286862619475,NA
"287",9,709.95,20.8202491990598,20.6999826857058,NA,22.5044359841713,105.899570684681,105.28785023839,NA
"288",9,709.95,20.8202491990598,20.6991228921249,NA,22.5044359841713,105.899570684681,105.283477006821,NA
"289",9,709.95,20.8202491990598,20.6994383001924,NA,22.5044359841713,105.899570684681,105.285081290161,NA
"290",9,709.95,20.8202491990598,20.6992887461678,NA,22.5044359841713,105.899570684681,105.284320602484,NA
"291",9,709.95,20.8202491990598,20.6993531713674,NA,22.5044359841713,105.899570684681,105.284648293134,NA
"292",9,709.95,20.8202491990598,20.6989537295241,NA,22.5044359841713,105.899570684681,105.282616582595,NA
"293",9,709.95,20.8202491990598,20.6999157308449,NA,22.5044359841713,105.899570684681,105.287509680938,NA
"294",9,709.95,20.8202491990598,20.6992569151018,NA,22.5044359841713,105.899570684681,105.284158697783,NA
"295",9,709.95,20.8202491990598,20.6990761251912,19.5901024543474,22.5044359841713,105.899570684681,105.283239132713,99.6425844738685
"296",9,709.95,20.8202491990598,20.6994358878071,19.6090158428927,22.5044359841713,105.899570684681,105.285069019868,99.7387850384246
"297",9,709.95,20.8202491990598,20.699946213612,NA,22.5044359841713,105.899570684681,105.287664727687,NA
"298",9,709.95,20.8202491990598,20.6996685136787,NA,22.5044359841713,105.899570684681,105.286252242014,NA
"299",9,709.95,20.8202491990598,20.6992462609459,19.9460543446979,22.5044359841713,105.899570684681,105.284104506763,101.453088854106
"300",9,709.95,20.8202491990598,20.6994516208746,NA,22.5044359841713,105.899570684681,105.285149044131,NA
"301",9,709.95,20.8202491990598,20.6999743483351,19.3126354816247,22.5044359841713,105.899570684681,105.287807831407,98.2312837247959
"302",9,709.95,20.8202491990598,20.6999843575717,NA,22.5044359841713,105.899570684681,105.287858742126,NA
"303",9,709.95,20.8202491990598,20.6996884368915,NA,22.5044359841713,105.899570684681,105.286353578922,NA
"304",9,709.95,20.8202491990598,20.6995162777222,NA,22.5044359841713,105.899570684681,105.285477913028,NA
"305",9,709.95,20.8202491990598,20.6994178071747,NA,22.5044359841713,105.899570684681,105.284977055012,NA
"306",9,709.95,20.8202491990598,20.6993414274149,19.4689427560515,22.5044359841713,105.899570684681,105.284588559001,99.0263209550631
"307",9,709.95,20.8202491990598,20.6996543495015,NA,22.5044359841713,105.899570684681,105.286180197714,NA
"308",9,709.95,20.8202491990598,20.6992098064363,NA,22.5044359841713,105.899570684681,105.2839190855,NA
"309",9,709.95,20.8202491990598,20.699667294914,NA,22.5044359841713,105.899570684681,105.286246042921,NA
"310",9,709.95,20.8202491990598,20.7000693375581,NA,22.5044359841713,105.899570684681,105.288290982105,NA
"311",9,709.95,20.8202491990598,20.6993278197138,19.9017134709206,22.5044359841713,105.899570684681,105.284519345146,101.227554594073
"312",9,709.95,20.8202491990598,20.6995486777206,NA,22.5044359841713,105.899570684681,105.285642711533,NA
"313",9,709.95,20.8202491990598,20.6994150635276,NA,22.5044359841713,105.899570684681,105.284963099798,NA
"314",9,709.95,20.8202491990598,20.6991256988232,NA,22.5044359841713,105.899570684681,105.283491282737,NA
"315",9,709.95,20.8202491990598,20.6992917021863,NA,22.5044359841713,105.899570684681,105.284335637899,NA
"316",9,709.95,20.8202491990598,20.6996543865331,NA,22.5044359841713,105.899570684681,105.28618038607,NA
"317",9,709.95,20.8202491990598,20.6996380845237,NA,22.5044359841713,105.899570684681,105.286097467956,NA
"318",9,709.95,20.8202491990598,20.6995989334458,NA,22.5044359841713,105.899570684681,105.285898330938,NA
"319",9,709.95,20.8202491990598,20.6988723206973,19.5507577524784,22.5044359841713,105.899570684681,105.282202506868,99.4424626118865
"320",9,709.95,20.8202491990598,20.699872882135,NA,22.5044359841713,105.899570684681,105.287291736382,NA
"321",9,709.95,20.8202491990598,20.6997389608164,19.7094601401023,22.5044359841713,105.899570684681,105.286610562491,100.249682283242
"322",9,709.95,20.8202491990598,20.6992906317795,NA,22.5044359841713,105.899570684681,105.28433019341,NA
"323",9,709.95,20.8202491990598,20.6991774402238,NA,22.5044359841713,105.899570684681,105.283754458843,NA
"324",9,709.95,20.8202491990598,20.6995455321216,20.3625929829525,22.5044359841713,105.899570684681,105.28562671184,103.571760083398
"325",9,709.95,20.8202491990598,20.6990357698411,NA,22.5044359841713,105.899570684681,105.283033870316,NA
"326",9,709.95,20.8202491990598,20.6992695362991,NA,22.5044359841713,105.899570684681,105.284222893911,NA
"327",9,709.95,20.8202491990598,20.6996983268768,NA,22.5044359841713,105.899570684681,105.286403883084,NA
"328",9,709.95,20.8202491990598,20.6993198176269,NA,22.5044359841713,105.899570684681,105.284478643541,NA
"329",9,709.95,20.8202491990598,20.6991020472813,NA,22.5044359841713,105.899570684681,105.283370982154,NA
"330",9,709.95,20.8202491990598,20.6996540402549,NA,22.5044359841713,105.899570684681,105.286178624769,NA
"331",9,709.95,20.8202491990598,20.699425407281,19.6825418700621,22.5044359841713,105.899570684681,105.285015711994,100.112765898929
"332",9,709.95,20.8202491990598,20.6997860470903,NA,22.5044359841713,105.899570684681,105.286850060883,NA
"333",9,709.95,20.8202491990598,20.6989335830648,NA,22.5044359841713,105.899570684681,105.282514110171,NA
"334",9,709.95,20.8202491990598,20.6997653396937,19.8058037490854,22.5044359841713,105.899570684681,105.286744735322,100.739721894775
"335",9,709.95,20.8202491990598,20.6994709705351,NA,22.5044359841713,105.899570684681,105.285247463737,NA
"336",9,709.95,20.8202491990598,20.6997213853502,NA,22.5044359841713,105.899570684681,105.2865211671,NA
"337",9,709.95,20.8202491990598,20.6991318698173,NA,22.5044359841713,105.899570684681,105.28352267072,NA
"338",10,621.93,25.6216318060011,25.3050530307989,NA,27.3678682913656,109.632670771205,108.278058508501,NA
"339",10,621.93,25.6216318060011,25.3042598989512,24.2572888500585,27.3678682913656,109.632670771205,108.274664768267,103.794769296373
"340",10,621.93,25.6216318060011,25.3028925267213,NA,27.3678682913656,109.632670771205,108.268813904799,NA
"341",10,621.93,25.6216318060011,25.3038137586467,24.3592738988937,27.3678682913656,109.632670771205,108.272755773809,104.231154198286
"342",10,621.93,25.6216318060011,25.30666900371,NA,27.3678682913656,109.632670771205,108.284973112047,NA
"343",10,621.93,25.6216318060011,25.3042301205894,NA,27.3678682913656,109.632670771205,108.27453734932,NA
"344",10,621.93,25.6216318060011,25.3052433696521,NA,27.3678682913656,109.632670771205,108.278872951429,NA
"345",10,621.93,25.6216318060011,25.3031090618582,25.8403691762237,27.3678682913656,109.632670771205,108.269740439282,110.568628413425
"346",10,621.93,25.6216318060011,25.3039261972273,NA,27.3678682913656,109.632670771205,108.273236888438,NA
"347",10,621.93,25.6216318060011,25.3040008793188,NA,27.3678682913656,109.632670771205,108.273556446428,NA
"348",10,621.93,25.6216318060011,25.3033932628611,25.2753062556351,27.3678682913656,109.632670771205,108.270956509953,108.150774718275
"349",10,621.93,25.6216318060011,25.3049565614048,25.1692302525769,27.3678682913656,109.632670771205,108.277645724592,107.696884989157
"350",10,621.93,25.6216318060011,25.3034838604885,NA,27.3678682913656,109.632670771205,108.271344169097,NA
"351",10,621.93,25.6216318060011,25.3053570392218,NA,27.3678682913656,109.632670771205,108.279359333351,NA
"352",10,621.93,25.6216318060011,25.3032460412112,NA,27.3678682913656,109.632670771205,108.270326561681,NA
"353",10,621.93,25.6216318060011,25.30529714919,NA,27.3678682913656,109.632670771205,108.279103069261,NA
"354",10,621.93,25.6216318060011,25.3056354953447,NA,27.3678682913656,109.632670771205,108.280550822194,NA
"355",10,621.93,25.6216318060011,25.3038096330964,NA,27.3678682913656,109.632670771205,108.272738120948,NA
"356",10,621.93,25.6216318060011,25.3058609327566,24.7244220395058,27.3678682913656,109.632670771205,108.281515448715,105.793590431293
"357",10,621.93,25.6216318060011,25.3048960200777,NA,27.3678682913656,109.632670771205,108.277386673669,NA
"358",10,621.93,25.6216318060011,25.3054089848692,24.4928158948058,27.3678682913656,109.632670771205,108.279581604129,104.802568454131
"359",10,621.93,25.6216318060011,25.3041376140192,NA,27.3678682913656,109.632670771205,108.27414152198,NA
"360",10,621.93,25.6216318060011,25.3035749416678,NA,27.3678682913656,109.632670771205,108.271733897317,NA
"361",10,621.93,25.6216318060011,25.304683816694,NA,27.3678682913656,109.632670771205,108.27647867437,NA
"362",10,621.93,25.6216318060011,25.3042957163933,25.0951766494757,27.3678682913656,109.632670771205,108.274818027898,107.380016245211
"363",10,621.93,25.6216318060011,25.3043243934638,NA,27.3678682913656,109.632670771205,108.274940734517,NA
"364",10,621.93,25.6216318060011,25.3038205501331,NA,27.3678682913656,109.632670771205,108.272784833971,NA
"365",10,621.93,25.6216318060011,25.3028557176868,25.6002744255313,27.3678682913656,109.632670771205,108.268656402233,109.541284450485
"366",10,621.93,25.6216318060011,25.3036147815242,24.5912853796575,27.3678682913656,109.632670771205,108.271904368499,105.22391057221
"367",10,621.93,25.6216318060011,25.3035085955373,25.2105870994888,27.3678682913656,109.632670771205,108.271450008159,107.87384723793
"368",10,621.93,25.6216318060011,25.3049206837093,25.6953925346603,27.3678682913656,109.632670771205,108.277492207142,109.94828633161
"369",10,621.93,25.6216318060011,25.305142219317,NA,27.3678682913656,109.632670771205,108.278440138193,NA
"370",10,621.93,25.6216318060011,25.3048405381523,NA,27.3678682913656,109.632670771205,108.277149271473,NA
"371",10,621.93,25.6216318060011,25.3045624593629,NA,27.3678682913656,109.632670771205,108.275959397205,NA
"372",10,621.93,25.6216318060011,25.303757663099,NA,27.3678682913656,109.632670771205,108.272515745978,NA
"373",10,621.93,25.6216318060011,25.3053383834046,NA,27.3678682913656,109.632670771205,108.279279506778,NA
"374",10,621.93,25.6216318060011,25.3034047299566,NA,27.3678682913656,109.632670771205,108.271005576629,NA
"375",10,621.93,25.6216318060011,25.3051078138339,24.644374325565,27.3678682913656,109.632670771205,108.278292920208,105.451073423207
"376",10,621.93,25.6216318060011,25.3042916256811,NA,27.3678682913656,109.632670771205,108.274800524106,NA
"377",10,621.93,25.6216318060011,25.3025332160102,NA,27.3678682913656,109.632670771205,108.267276446405,NA
"378",11,418.94,28.0168088354367,28.0023866276338,27.0837034032807,36.8389205942974,113.376388533899,113.318025790127,109.600365195888
"379",11,418.94,28.0168088354367,28.0065486504665,NA,36.8389205942974,113.376388533899,113.334868362046,NA
"380",11,418.94,28.0168088354367,27.9924868049231,26.9170624931763,36.8389205942974,113.376388533899,113.277963906111,108.926014855683
"381",11,418.94,28.0168088354367,27.9975564906122,26.6112867315951,36.8389205942974,113.376388533899,113.2984795422,107.688623696935
"382",11,418.94,28.0168088354367,27.9904404634045,27.572389801216,36.8389205942974,113.376388533899,113.269682919777,111.57794584217
"383",11,418.94,28.0168088354367,27.996010130871,NA,36.8389205942974,113.376388533899,113.292221845834,NA
"384",11,418.94,28.0168088354367,28.0176893798632,NA,36.8389205942974,113.376388533899,113.379951857175,NA
"385",11,418.94,28.0168088354367,28.0043616027034,26.7341775569439,36.8389205942974,113.376388533899,113.326017975895,108.185929369535
"386",11,418.94,28.0168088354367,27.9996635199201,NA,36.8389205942974,113.376388533899,113.307006115475,NA
"387",11,418.94,28.0168088354367,27.9966116683028,NA,36.8389205942974,113.376388533899,113.294656103853,NA
"388",11,418.94,28.0168088354367,27.9984346975372,29.0872435070538,36.8389205942974,113.376388533899,113.302033406244,117.708145870799
"389",11,418.94,28.0168088354367,27.9979631255964,NA,36.8389205942974,113.376388533899,113.30012508314,NA
"390",11,418.94,28.0168088354367,27.9994529445847,28.6265140721818,36.8389205942974,113.376388533899,113.306153974491,115.843699433524
"391",11,418.94,28.0168088354367,27.9917476928658,29.2132433490793,36.8389205942974,113.376388533899,113.274972921082,118.218032886433
"392",11,418.94,28.0168088354367,27.9956953344483,NA,36.8389205942974,113.376388533899,113.290947950518,NA
"393",11,418.94,28.0168088354367,27.9985484274115,28.5404204135368,36.8389205942974,113.376388533899,113.302493640044,115.495301864401
"394",11,418.94,28.0168088354367,27.9956416062667,26.8171575418593,36.8389205942974,113.376388533899,113.290730527213,108.521726749799
"395",11,418.94,28.0168088354367,27.9962926025409,NA,36.8389205942974,113.376388533899,113.293364931686,NA
"396",11,418.94,28.0168088354367,27.9978278122954,NA,36.8389205942974,113.376388533899,113.299577507095,NA
"397",12,419.86,28.8839051571942,28.7577602669608,NA,37.6690701427634,114.802312273176,114.300935295187,NA
"398",12,419.86,28.8839051571942,28.7448738494487,NA,37.6690701427634,114.802312273176,114.249716787189,NA
"399",12,419.86,28.8839051571942,28.7506104395016,NA,37.6690701427634,114.802312273176,114.272517506104,NA
"400",12,419.86,28.8839051571942,28.7428955408995,29.2903988488683,37.6690701427634,114.802312273176,114.241853778548,116.417966924951
"401",12,419.86,28.8839051571942,28.7444730958522,NA,37.6690701427634,114.802312273176,114.248123947188,NA
"402",12,419.86,28.8839051571942,28.7475813389485,28.0347962132172,37.6690701427634,114.802312273176,114.260478007091,111.427433786009
"403",12,419.86,28.8839051571942,28.7525533081759,NA,37.6690701427634,114.802312273176,114.280239654997,NA
"404",12,419.86,28.8839051571942,28.7487030091868,NA,37.6690701427634,114.802312273176,114.264936210934,NA
"405",12,419.86,28.8839051571942,28.7578744787484,NA,37.6690701427634,114.802312273176,114.301389242714,NA
"406",12,419.86,28.8839051571942,28.7533040324953,27.7141088485405,37.6690701427634,114.802312273176,114.283223492787,110.15282597999
"407",12,419.86,28.8839051571942,28.7488998401996,NA,37.6690701427634,114.802312273176,114.265718537814,NA
"408",12,419.86,28.8839051571942,28.7517794210768,28.0753505152079,37.6690701427634,114.802312273176,114.277163754147,111.588621396057
"409",12,419.86,28.8839051571942,28.7609235082701,NA,37.6690701427634,114.802312273176,114.313507951641,NA
"410",12,419.86,28.8839051571942,28.7552262964998,NA,37.6690701427634,114.802312273176,114.290863746116,NA
"411",12,419.86,28.8839051571942,28.753198656854,27.9452375985787,37.6690701427634,114.802312273176,114.282804665513,111.071473053258
"412",12,419.86,28.8839051571942,28.7469982590586,NA,37.6690701427634,114.802312273176,114.25816049084,NA
"413",12,419.86,28.8839051571942,28.7559099866954,27.9630230227448,37.6690701427634,114.802312273176,114.293581149282,111.142163211251
"414",12,419.86,28.8839051571942,28.7528642187553,NA,37.6690701427634,114.802312273176,114.281475403876,NA
"415",13,368.46,30.2668697485519,30.2131989427567,NA,32.3584614279023,105.144776770836,104.95832852094,NA
"416",13,368.46,30.2668697485519,30.20915304977,NA,32.3584614279023,105.144776770836,104.944273399995,NA
"417",13,368.46,30.2668697485519,30.2113146085748,30.9290080029288,32.3584614279023,105.144776770836,104.951782488973,107.444994121565
"418",13,368.46,30.2668697485519,30.2126700045301,NA,32.3584614279023,105.144776770836,104.956491030237,NA
"419",13,368.46,30.2668697485519,30.2075324383123,NA,32.3584614279023,105.144776770836,104.938643520481,NA
"420",13,368.46,30.2668697485519,30.2093430160723,32.4577831062154,32.3584614279023,105.144776770836,104.944933328313,112.755841206291
"421",13,368.46,30.2668697485519,30.2069364351209,NA,32.3584614279023,105.144776770836,104.936573051251,NA
"422",13,368.46,30.2668697485519,30.2089763837111,NA,32.3584614279023,105.144776770836,104.943659675699,NA
"423",13,368.46,30.2668697485519,30.2118200023418,31.8141835935543,32.3584614279023,105.144776770836,104.953538188034,110.52002601791
"424",13,368.46,30.2668697485519,30.2025520940054,NA,32.3584614279023,105.144776770836,104.921342187547,NA
"425",13,368.46,30.2668697485519,30.2115167495107,NA,32.3584614279023,105.144776770836,104.952484711031,NA
"426",13,368.46,30.2668697485519,30.2143605126239,31.2330529459379,32.3584614279023,105.144776770836,104.962363725287,108.501222860334
"427",13,368.46,30.2668697485519,30.2101338892157,NA,32.3584614279023,105.144776770836,104.947680760764,NA
"428",13,368.46,30.2668697485519,30.210425010608,NA,32.3584614279023,105.144776770836,104.948692094081,NA
"429",13,368.46,30.2668697485519,30.212066939776,NA,32.3584614279023,105.144776770836,104.954396029681,NA
"430",13,368.46,30.2668697485519,30.207541454485,NA,32.3584614279023,105.144776770836,104.938674841971,NA
"431",13,368.46,30.2668697485519,30.2068222602212,32.2561322425823,32.3584614279023,105.144776770836,104.936176416434,112.055321621065
"432",13,368.46,30.2668697485519,30.2081769602653,NA,32.3584614279023,105.144776770836,104.940882540156,NA
"433",13,368.46,30.2668697485519,30.2151527399435,31.0644833577553,32.3584614279023,105.144776770836,104.965115862041,107.915625080747
"434",13,368.46,30.2668697485519,30.2105335781419,30.21334661254,32.3584614279023,105.144776770836,104.949069249341,104.958841514405
"435",14,365.25,30.1175521388651,30.0451108864582,NA,38.8265776340007,106.211814631146,105.956345101723,NA
"436",14,365.25,30.1175521388651,30.0429668159745,NA,38.8265776340007,106.211814631146,105.948783875774,NA
"437",14,365.25,30.1175521388651,30.049836186687,28.8218469229805,38.8265776340007,106.211814631146,105.973009228664,101.642412656789
"438",14,365.25,30.1175521388651,30.0505290340088,NA,38.8265776340007,106.211814631146,105.975452606896,NA
"439",14,365.25,30.1175521388651,30.0450691703097,NA,38.8265776340007,106.211814631146,105.956197986585,NA
"440",14,365.25,30.1175521388651,30.0496311190744,NA,38.8265776340007,106.211814631146,105.972286042292,NA
"441",14,365.25,30.1175521388651,30.044845396121,NA,38.8265776340007,106.211814631146,105.955408830065,NA
"442",15,382.19,29.3532716332573,29.223658724999,NA,36.1510592232799,113.673548048691,113.171608798487,NA
"443",15,382.19,29.3532716332573,29.2143432510813,28.066841369037,36.1510592232799,113.673548048691,113.135533672511,108.691715213217
"444",15,382.19,29.3532716332573,29.2173214594678,28.6311533437274,36.1510592232799,113.673548048691,113.147067089241,110.877071079878
"445",15,382.19,29.3532716332573,29.2186782386263,29.1364632836049,36.1510592232799,113.673548048691,113.152321355368,112.833935529191
"446",15,382.19,29.3532716332573,29.2154842747111,NA,36.1510592232799,113.673548048691,113.139952403276,NA
"447",15,382.19,29.3532716332573,29.2201819968714,NA,36.1510592232799,113.673548048691,113.158144813048,NA
"448",15,382.19,29.3532716332573,29.2170616689089,29.4779804034343,36.1510592232799,113.673548048691,113.146061023717,114.156495522347
"449",15,382.19,29.3532716332573,29.2197326710078,NA,36.1510592232799,113.673548048691,113.156404752663,NA
"450",15,382.19,29.3532716332573,29.2130020121344,NA,36.1510592232799,113.673548048691,113.130339587444,NA
"451",15,382.19,29.3532716332573,29.2127098127196,29.1561100677034,36.1510592232799,113.673548048691,113.12920801531,112.91001971102
"452",15,382.19,29.3532716332573,29.2123758956373,NA,36.1510592232799,113.673548048691,113.12791488724,NA
"453",15,382.19,29.3532716332573,29.2206353904048,29.6275841088342,36.1510592232799,113.673548048691,113.159900625901,114.735851180091
"454",15,382.19,29.3532716332573,29.218483199326,NA,36.1510592232799,113.673548048691,113.15156604572,NA
"455",15,382.19,29.3532716332573,29.2182455384477,NA,36.1510592232799,113.673548048691,113.150645679649,NA
"456",15,382.19,29.3532716332573,29.2220648823679,NA,36.1510592232799,113.673548048691,113.165436479804,NA
"457",15,382.19,29.3532716332573,29.2191609720278,NA,36.1510592232799,113.673548048691,113.154190789862,NA
"458",15,382.19,29.3532716332573,29.2108294386564,28.9156253514316,36.1510592232799,113.673548048691,113.121926074336,111.978718039041
"459",15,382.19,29.3532716332573,29.2163252074059,NA,36.1510592232799,113.673548048691,113.143209001187,NA
"460",15,382.19,29.3532716332573,29.2161358268698,30.2503965931207,36.1510592232799,113.673548048691,113.142475605682,117.147756256378
"461",15,382.19,29.3532716332573,29.2153831496538,NA,36.1510592232799,113.673548048691,113.139560786144,NA
"462",15,382.19,29.3532716332573,29.2131373861784,NA,36.1510592232799,113.673548048691,113.130863837281,NA
"463",16,371.17,29.4255452694047,29.45441957182,NA,40.1375681301209,106.958567945824,107.063522807611,NA
"464",16,371.17,29.4255452694047,29.4543641567975,30.1507043896465,40.1375681301209,106.958567945824,107.063321380199,109.594440291563
"465",16,371.17,29.4255452694047,29.454811873442,28.6255900043648,40.1375681301209,106.958567945824,107.064948780157,104.050819974256
"466",16,371.17,29.4255452694047,29.4546712629877,NA,40.1375681301209,106.958567945824,107.064437676872,NA
"467",16,371.17,29.4255452694047,29.4569510247558,NA,40.1375681301209,106.958567945824,107.072724356074,NA
"468",16,371.17,29.4255452694047,29.455574445609,NA,40.1375681301209,106.958567945824,107.067720644745,NA
"469",16,371.17,29.4255452694047,29.4545172089262,NA,40.1375681301209,106.958567945824,107.063877707578,NA
"470",16,371.17,29.4255452694047,29.4545484095948,NA,40.1375681301209,106.958567945824,107.063991118521,NA
"471",16,371.17,29.4255452694047,29.4552671243751,NA,40.1375681301209,106.958567945824,107.066603566412,NA
"472",16,371.17,29.4255452694047,29.4555482143958,NA,40.1375681301209,106.958567945824,107.067625297217,NA
"473",16,371.17,29.4255452694047,29.4539719024365,NA,40.1375681301209,106.958567945824,107.061895579441,NA
"474",16,371.17,29.4255452694047,29.4553325760997,NA,40.1375681301209,106.958567945824,107.066841476115,NA
"475",16,371.17,29.4255452694047,29.4565293429756,28.7800267028967,40.1375681301209,106.958567945824,107.071191589937,104.6121801109
"476",16,371.17,29.4255452694047,29.4530710407945,28.9875971793197,40.1375681301209,106.958567945824,107.058621048069,105.366675591027
"477",16,371.17,29.4255452694047,29.4563056798474,NA,40.1375681301209,106.958567945824,107.070378599467,NA
"478",16,371.17,29.4255452694047,29.4546707903999,30.4962461200083,40.1375681301209,106.958567945824,107.064435959069,110.850445857701
"479",16,371.17,29.4255452694047,29.4550910688789,NA,40.1375681301209,106.958567945824,107.065963624362,NA
"480",16,371.17,29.4255452694047,29.4552921779486,NA,40.1375681301209,106.958567945824,107.066694633351,NA
"481",17,384.15,29.7308272150711,29.8192790211519,30.2544733365229,30.7506733683273,117.487937239598,117.83747410806,119.557240666907
"482",17,384.15,29.7308272150711,29.8112196599929,29.8731225542301,30.7506733683273,117.487937239598,117.805625760512,118.050248733848
"483",17,384.15,29.7308272150711,29.8139769110138,NA,30.7506733683273,117.487937239598,117.81652164755,NA
"484",17,384.15,29.7308272150711,29.811991332427,NA,30.7506733683273,117.487937239598,117.808675194752,NA
"485",17,384.15,29.7308272150711,29.8213804248864,NA,30.7506733683273,117.487937239598,117.845778269538,NA
"486",17,384.15,29.7308272150711,29.8216267908897,29.5862816117518,30.7506733683273,117.487937239598,117.846751839272,116.916733328984
"487",17,384.15,29.7308272150711,29.8218861601831,29.777487687574,30.7506733683273,117.487937239598,117.847776794381,117.672326413344
"488",17,384.15,29.7308272150711,29.8105635627419,29.4200403486403,30.7506733683273,117.487937239598,117.803033047161,116.259794221781
"489",17,384.15,29.7308272150711,29.8400993170289,29.9187924251972,30.7506733683273,117.487937239598,117.919750110595,118.230723326603
"490",17,384.15,29.7308272150711,29.8299370210466,29.8690499392783,30.7506733683273,117.487937239598,117.879591551132,118.034154895409
"491",17,384.15,29.7308272150711,29.8241329597506,NA,30.7506733683273,117.487937239598,117.856655519641,NA
"492",17,384.15,29.7308272150711,29.8224842915729,29.2799337306575,30.7506733683273,117.487937239598,117.850140442815,115.706131943186
"493",17,384.15,29.7308272150711,29.8380633468656,28.8859554854973,30.7506733683273,117.487937239598,117.911704524341,114.149239798668
"494",17,384.15,29.7308272150711,29.8272030190972,29.8976175963617,30.7506733683273,117.487937239598,117.86878753794,118.147046308696
"495",17,384.15,29.7308272150711,29.8180705535078,NA,30.7506733683273,117.487937239598,117.832698580972,NA
"496",18,383.95,28.4181849637443,28.3390477321826,28.6281059427863,32.0685374,120.880325511971,120.54370533994,121.773250810007
"497",18,383.95,28.4181849637443,28.3388265740846,NA,32.0685374,120.880325511971,120.542764616143,NA
"498",18,383.95,28.4181849637443,28.3351008124584,NA,32.0685374,120.880325511971,120.526916620265,NA
"499",18,383.95,28.4181849637443,28.3412010809571,27.293538425346,32.0685374,120.880325511971,120.552864879902,116.096499950242
"500",18,383.95,28.4181849637443,28.3456529926311,NA,32.0685374,120.880325511971,120.571801646377,NA
"501",18,383.95,28.4181849637443,28.3370026537194,29.1518554370868,32.0685374,120.880325511971,120.535006341371,124.001085185726
"502",18,383.95,28.4181849637443,28.3412798742764,NA,32.0685374,120.880325511971,120.5532000372,NA
"503",18,383.95,28.4181849637443,28.3428523623198,NA,32.0685374,120.880325511971,120.559888812953,NA
"504",18,383.95,28.4181849637443,28.3378865820622,28.9900556909216,32.0685374,120.880325511971,120.538766241799,123.312849606671
"505",18,383.95,28.4181849637443,28.3426077157627,29.0837649262888,32.0685374,120.880325511971,120.558848178039,123.711453630437
"506",18,383.95,28.4181849637443,28.3401568782149,NA,32.0685374,120.880325511971,120.548423232149,NA
"507",18,383.95,28.4181849637443,28.3423428496068,28.6574402135206,32.0685374,120.880325511971,120.557721536518,121.898027821612
"508",18,383.95,28.4181849637443,28.3361089865702,28.5750514644305,32.0685374,120.880325511971,120.531205015705,121.547576910646
"509",18,383.95,28.4181849637443,28.3366013143313,NA,32.0685374,120.880325511971,120.533299193785,NA
"510",18,383.95,28.4181849637443,28.3425803748421,NA,32.0685374,120.880325511971,120.558731879994,NA
"511",18,383.95,28.4181849637443,28.3421983265051,27.6022999433396,32.0685374,120.880325511971,120.55710678932,117.409855917495
"512",18,383.95,28.4181849637443,28.3393310709151,NA,32.0685374,120.880325511971,120.544910556891,NA
"513",18,383.95,28.4181849637443,28.3371113508619,NA,32.0685374,120.880325511971,120.535468698344,NA
"514",18,383.95,28.4181849637443,28.3376432201241,NA,32.0685374,120.880325511971,120.537731071174,NA
"515",18,383.95,28.4181849637443,28.3394249055219,27.7289831604273,32.0685374,120.880325511971,120.545309694197,117.948718921519
"516",18,383.95,28.4181849637443,28.3447962940302,NA,32.0685374,120.880325511971,120.568157571082,NA
"517",18,383.95,28.4181849637443,28.3398879334931,27.8735682435216,32.0685374,120.880325511971,120.547279241935,118.563729765136
"518",18,383.95,28.4181849637443,28.3356976391863,28.4591045881879,32.0685374,120.880325511971,120.529455297849,121.054382283326
"519",19,367,30.5433579157285,30.6064934214549,NA,25.868024200078,116.718892052634,116.960159116258,NA
"520",19,367,30.5433579157285,30.5958208329727,30.1654900786347,25.868024200078,116.718892052634,116.919374710483,115.274901663313
"521",19,367,30.5433579157285,30.5908997899058,NA,25.868024200078,116.718892052634,116.900569355286,NA
"522",19,367,30.5433579157285,30.6021735245201,29.900143356757,25.868024200078,116.718892052634,116.943650990813,114.260901320822
"523",19,367,30.5433579157285,30.6001422000864,NA,25.868024200078,116.718892052634,116.935888454095,NA
"524",19,367,30.5433579157285,30.5920842166496,NA,25.868024200078,116.718892052634,116.905095543194,NA
"525",19,367,30.5433579157285,30.5844835019579,NA,25.868024200078,116.718892052634,116.876050046623,NA
"526",19,367,30.5433579157285,30.6017642091768,30.8283668726613,25.868024200078,116.718892052634,116.942086826404,117.808029984686
"527",19,367,30.5433579157285,30.5970016953769,NA,25.868024200078,116.718892052634,116.923887277565,NA
"528",19,367,30.5433579157285,30.6050345691254,NA,25.868024200078,116.718892052634,116.954584233889,NA
"529",19,367,30.5433579157285,30.5997709243849,NA,25.868024200078,116.718892052634,116.934469655002,NA
"530",19,367,30.5433579157285,30.5869874376918,NA,25.868024200078,116.718892052634,116.885618627963,NA
"531",20,376.77,30.0082529686664,29.9656188285366,NA,18.7692012396761,125.408347593094,125.230174039628,NA
"532",20,376.77,30.0082529686664,29.9615501961471,NA,18.7692012396761,125.408347593094,125.213170701731,NA
"533",20,376.77,30.0082529686664,29.9615962299574,NA,18.7692012396761,125.408347593094,125.213363082943,NA
"534",20,376.77,30.0082529686664,29.9603144204466,28.5344013570658,18.7692012396761,125.408347593094,125.208006236184,119.24893220156
"535",20,376.77,30.0082529686664,29.9598058127858,28.1289816121731,18.7692012396761,125.408347593094,125.205880699373,117.554630959109
"536",20,376.77,30.0082529686664,29.9615648343487,NA,18.7692012396761,125.408347593094,125.213231876658,NA
"537",20,376.77,30.0082529686664,29.9668381955164,NA,18.7692012396761,125.408347593094,125.235269931022,NA
"538",20,376.77,30.0082529686664,29.9607329511703,NA,18.7692012396761,125.408347593094,125.209755329892,NA
"539",20,376.77,30.0082529686664,29.9624856198427,NA,18.7692012396761,125.408347593094,125.217079957631,NA
"540",20,376.77,30.0082529686664,29.9616750225803,29.9309509000973,18.7692012396761,125.408347593094,125.213692367446,125.085292309106
"541",20,376.77,30.0082529686664,29.9628140239376,NA,18.7692012396761,125.408347593094,125.21845240057,NA
"542",20,376.77,30.0082529686664,29.9668301033674,NA,18.7692012396761,125.408347593094,125.235236112891,NA
"543",20,376.77,30.0082529686664,29.962810236102,NA,18.7692012396761,125.408347593094,125.218436570718,NA
"544",20,376.77,30.0082529686664,29.9609503101331,NA,18.7692012396761,125.408347593094,125.210663700946,NA
"545",20,376.77,30.0082529686664,29.9654757680446,29.6746996258661,18.7692012396761,125.408347593094,125.229576171438,124.014385285511
"546",20,376.77,30.0082529686664,29.9623157552276,29.9561881861905,18.7692012396761,125.408347593094,125.216370071563,125.19076217268
"547",20,376.77,30.0082529686664,29.9640639641178,30.180359624725,18.7692012396761,125.408347593094,125.223676061299,126.127603438099
"548",20,376.77,30.0082529686664,29.9643526603808,29.0812544204287,18.7692012396761,125.408347593094,125.224882560102,121.534301467281
"549",20,376.77,30.0082529686664,29.965568363826,NA,18.7692012396761,125.408347593094,125.229963141114,NA
"550",20,376.77,30.0082529686664,29.9654834127185,NA,18.7692012396761,125.408347593094,125.229608119513,NA
"551",20,376.77,30.0082529686664,29.96512681911,29.3048787789432,18.7692012396761,125.408347593094,125.228117868973,122.468856414953
"552",20,376.77,30.0082529686664,29.9634498519318,29.4196963987641,18.7692012396761,125.408347593094,125.221109607512,122.948694011342
"553",20,376.77,30.0082529686664,29.9660426052635,NA,18.7692012396761,125.408347593094,125.231945057059,NA
"554",21,400.52,28.251894157255,28.06812793509,28.0798610083616,20.1986965935241,157.669978469386,156.644404179362,156.709884865359
"555",21,400.52,28.251894157255,28.0725024787354,27.398239716077,20.1986965935241,157.669978469386,156.668817912422,152.905849147237
"556",21,400.52,28.251894157255,28.0709438122149,27.2607068951211,20.1986965935241,157.669978469386,156.660119206581,152.138297180694
"557",21,400.52,28.251894157255,28.0682872721984,NA,20.1986965935241,157.669978469386,156.645293418091,NA
"558",21,400.52,28.251894157255,28.063121892378,NA,20.1986965935241,157.669978469386,156.616466135908,NA
"559",21,400.52,28.251894157255,28.0728899653168,NA,20.1986965935241,157.669978469386,156.670980422327,NA
"560",21,400.52,28.251894157255,28.0637093413337,NA,20.1986965935241,157.669978469386,156.619744608625,NA
"561",21,400.52,28.251894157255,28.0675400151727,NA,20.1986965935241,157.669978469386,156.641123078273,NA
"562",21,400.52,28.251894157255,28.06384573459,NA,20.1986965935241,157.669978469386,156.620505800837,NA
"563",21,400.52,28.251894157255,28.0646380870872,28.6079980362384,20.1986965935241,157.669978469386,156.624927812348,159.657345780748
"564",21,400.52,28.251894157255,28.0666650380546,NA,20.1986965935241,157.669978469386,156.636239949991,NA
"565",21,400.52,28.251894157255,28.0714456266405,27.8530150328667,20.1986965935241,157.669978469386,156.662919764633,155.443888331708
"566",21,400.52,28.251894157255,28.0723911198042,28.3988754809221,20.1986965935241,157.669978469386,156.668196433374,158.490261244375
"567",21,400.52,28.251894157255,28.0689966783029,27.6072964311221,20.1986965935241,157.669978469386,156.649252517067,154.072566238012
"568",21,400.52,28.251894157255,28.0682991955697,27.4245518946573,20.1986965935241,157.669978469386,156.645359960805,153.052693836912
"569",21,400.52,28.251894157255,28.0665201559235,NA,20.1986965935241,157.669978469386,156.635431382524,NA
"570",21,400.52,28.251894157255,28.0697666364529,28.1283832872901,20.1986965935241,157.669978469386,156.653549548772,156.980681104059
"571",21,400.52,28.251894157255,28.0682305778136,28.4006557953231,20.1986965935241,157.669978469386,156.644977014441,158.500196936888
"572",21,400.52,28.251894157255,28.0704919922605,NA,20.1986965935241,157.669978469386,156.657597660872,NA
"573",21,400.52,28.251894157255,28.0667696292375,28.6328303752526,20.1986965935241,157.669978469386,156.636823659156,159.795931687092
"574",21,400.52,28.251894157255,28.0783160646138,28.6415511950323,20.1986965935241,157.669978469386,156.701262744445,159.844601396077
"575",21,400.52,28.251894157255,28.074534889615,NA,20.1986965935241,157.669978469386,156.680160521092,NA
"576",21,400.52,28.251894157255,28.0722063939576,NA,20.1986965935241,157.669978469386,156.667165503551,NA
"577",22,370.36,28.1363201287891,27.9338236769171,28.5320752033083,24.4092219362872,160.389223891918,159.234906319188,162.645199405521
"578",22,370.36,28.1363201287891,27.9363176468402,27.2770609261414,24.4092219362872,160.389223891918,159.249123029069,155.491073884958
"579",22,370.36,28.1363201287891,27.929714110336,NA,24.4092219362872,160.389223891918,159.211480007877,NA
"580",22,370.36,28.1363201287891,27.9248461179903,NA,24.4092219362872,160.389223891918,159.183730340876,NA
"581",22,370.36,28.1363201287891,27.9310611062947,NA,24.4092219362872,160.389223891918,159.219158468864,NA
"582",22,370.36,28.1363201287891,27.9333265699152,NA,24.4092219362872,160.389223891918,159.232072593745,NA
"583",22,370.36,28.1363201287891,27.9314207006116,28.8273641369531,24.4092219362872,160.389223891918,159.221208312381,164.3284743567
"584",22,370.36,28.1363201287891,27.9318710166834,NA,24.4092219362872,160.389223891918,159.223775309235,NA
"585",22,370.36,28.1363201287891,27.9368550970849,28.1603267829248,24.4092219362872,160.389223891918,159.252186728488,160.526072229136
"586",22,370.36,28.1363201287891,27.9264415440453,28.2142841829286,24.4092219362872,160.389223891918,159.192824961123,160.833652803647
"587",22,370.36,28.1363201287891,27.9275325173059,NA,24.4092219362872,160.389223891918,159.199043981725,NA
"588",22,370.36,28.1363201287891,27.9380904728839,NA,24.4092219362872,160.389223891918,159.259228906168,NA
"589",22,370.36,28.1363201287891,27.9232343812213,28.0944468742429,24.4092219362872,160.389223891918,159.174542742486,160.150528185879
"590",23,350.54,27.6773105074878,27.507138390367,29.4951003702388,25.3045167901085,156.958376665183,155.993328444557,167.267085883827
"591",23,350.54,27.6773105074878,27.501835989824,28.7478664387451,25.3045167901085,156.958376665183,155.963258464259,163.029512842016
"592",23,350.54,27.6773105074878,27.5055831325406,27.764589486699,25.3045167901085,156.958376665183,155.984508557825,157.453336856141
"593",23,350.54,27.6773105074878,27.503823300729,NA,25.3045167901085,156.958376665183,155.974528529445,NA
"594",23,350.54,27.6773105074878,27.5119158491167,NA,25.3045167901085,156.958376665183,156.02042147333,NA
"595",23,350.54,27.6773105074878,27.5091037422333,27.277311245533,25.3045167901085,156.958376665183,156.004473979758,154.689975810024
"596",23,350.54,27.6773105074878,27.5025425348643,NA,25.3045167901085,156.958376665183,155.967265290087,NA
"597",23,350.54,27.6773105074878,27.5046804022423,28.380018851107,25.3045167901085,156.958376665183,155.979389162928,160.943444537067
"598",23,350.54,27.6773105074878,27.5023298311026,27.9109437252978,25.3045167901085,156.958376665183,155.966059044373,158.283313587526
"599",23,350.54,27.6773105074878,27.5044349433582,NA,25.3045167901085,156.958376665183,155.977997162503,NA
"600",23,350.54,27.6773105074878,27.5067738993654,NA,25.3045167901085,156.958376665183,155.991261411494,NA
"601",23,350.54,27.6773105074878,27.5112696627025,28.5804111784827,25.3045167901085,156.958376665183,156.016756942032,162.07987195087
"602",23,350.54,27.6773105074878,27.5053101537162,27.3544543500906,25.3045167901085,156.958376665183,155.982960491472,155.127455328093
"603",23,350.54,27.6773105074878,27.5082863036138,NA,25.3045167901085,156.958376665183,155.999838275045,NA
"604",23,350.54,27.6773105074878,27.5025412085611,NA,25.3045167901085,156.958376665183,155.967257768605,NA
"605",23,350.54,27.6773105074878,27.5076256486676,NA,25.3045167901085,156.958376665183,155.99609169252,NA
"606",23,350.54,27.6773105074878,27.5049608264827,NA,25.3045167901085,156.958376665183,155.980979452329,NA
"607",23,350.54,27.6773105074878,27.5043052821629,27.5568828451413,25.3045167901085,156.958376665183,155.97726185223,156.27542987444
"608",23,350.54,27.6773105074878,27.515570742805,28.2849992273842,25.3045167901085,156.958376665183,156.041148421494,160.40458705354
"609",23,350.54,27.6773105074878,27.5100086681015,NA,25.3045167901085,156.958376665183,156.00960582576,NA
"610",23,350.54,27.6773105074878,27.5040735894212,28.7021636480761,25.3045167901085,156.958376665183,155.975947919772,162.770331740205
"611",23,350.54,27.6773105074878,27.5118434948962,28.5544993747865,25.3045167901085,156.958376665183,156.020011151634,161.93292578558
"612",24,337.67,28.1980140177785,28.0845041420773,NA,25.0463104,154.572139183882,153.949915778554,NA
"613",24,337.67,28.1980140177785,28.0693328867003,NA,25.0463104,154.572139183882,153.866751999848,NA
"614",24,337.67,28.1980140177785,28.0768026346499,28.5514038026934,25.0463104,154.572139183882,153.907698674993,156.509304509979
"615",24,337.67,28.1980140177785,28.0740286343472,27.6585951226864,25.0463104,154.572139183882,153.892492527475,151.615224116104
"616",24,337.67,28.1980140177785,28.0755709567274,28.2928813609406,25.0463104,154.572139183882,153.90094702606,155.092170423033
"617",24,337.67,28.1980140177785,28.0791123169596,NA,25.0463104,154.572139183882,153.920359585624,NA
"618",24,337.67,28.1980140177785,28.0725682707129,NA,25.0463104,154.572139183882,153.88448729949,NA
"619",24,337.67,28.1980140177785,28.078545047815,NA,25.0463104,154.572139183882,153.917250004747,NA
"620",24,337.67,28.1980140177785,28.0773864463755,NA,25.0463104,154.572139183882,153.910898936801,NA
"621",24,337.67,28.1980140177785,28.0757408925024,NA,25.0463104,154.572139183882,153.901878557488,NA
"622",24,337.67,28.1980140177785,28.0697748364124,NA,25.0463104,154.572139183882,153.869174621255,NA
"623",24,337.67,28.1980140177785,28.0739734897817,NA,25.0463104,154.572139183882,153.892190243298,NA
"624",24,337.67,28.1980140177785,28.0802152762812,28.5507749543485,25.0463104,154.572139183882,153.926405641976,156.505857372396
"625",24,337.67,28.1980140177785,28.0765274727825,NA,25.0463104,154.572139183882,153.906190329106,NA
"626",24,337.67,28.1980140177785,28.0731019280392,NA,25.0463104,154.572139183882,153.887412631553,NA
"627",24,337.67,28.1980140177785,28.0868562763147,27.7539756947658,25.0463104,154.572139183882,153.962809396541,152.13806870557
"628",24,337.67,28.1980140177785,28.0833802911594,27.6926191757218,25.0463104,154.572139183882,153.943755201416,151.801732664475
"629",24,337.67,28.1980140177785,28.0729715154406,28.163342297818,25.0463104,154.572139183882,153.886697753039,154.382080340728
"630",24,337.67,28.1980140177785,28.0825578740136,NA,25.0463104,154.572139183882,153.939246984013,NA
"631",24,337.67,28.1980140177785,28.0765540323781,28.3656289176136,25.0463104,154.572139183882,153.906335919981,155.490948345771
"632",25,316.03,28.3494455411578,28.2686057153845,27.6343057917966,27.8290336,156.144874996156,155.699620274268,152.205982907184
"633",25,316.03,28.3494455411578,28.2663719671239,27.6128679006691,27.8290336,156.144874996156,155.687317093862,152.087905930144
"634",25,316.03,28.3494455411578,28.2732942172988,NA,27.8290336,156.144874996156,155.72544390261,NA
"635",25,316.03,28.3494455411578,28.2682790710673,29.2983365039921,27.8290336,156.144874996156,155.697821161972,161.371236850805
"636",25,316.03,28.3494455411578,28.266640116992,28.8424913280767,27.8290336,156.144874996156,155.68879402672,158.860503866359
"637",25,316.03,28.3494455411578,28.2684058521538,27.4646290576461,27.8290336,156.144874996156,155.698519454885,151.271426624409
"638",25,316.03,28.3494455411578,28.2658864790795,NA,27.8290336,156.144874996156,155.684643092005,NA
"639",25,316.03,28.3494455411578,28.2719244656343,NA,27.8290336,156.144874996156,155.717899497477,NA
"640",25,316.03,28.3494455411578,28.2674406458546,27.7856977244573,27.8290336,156.144874996156,155.693203230385,153.039829000097
"641",25,316.03,28.3494455411578,28.2695334551474,NA,27.8290336,156.144874996156,155.704730138202,NA
"642",25,316.03,28.3494455411578,28.268317768906,NA,27.8290336,156.144874996156,155.698034304383,NA
"643",25,316.03,28.3494455411578,28.266671184266,27.6966433699758,27.8290336,156.144874996156,155.688965141023,152.549329775758
"644",25,316.03,28.3494455411578,28.2669054839105,28.8755061955353,27.8290336,156.144874996156,155.690255631472,159.042345248225
"645",25,316.03,28.3494455411578,28.2735309183851,29.0885107284608,27.8290336,156.144874996156,155.726747619872,160.215545130353
"646",25,316.03,28.3494455411578,28.2692483005999,28.0997570119628,27.8290336,156.144874996156,155.703159545891,154.769624671682
"647",25,316.03,28.3494455411578,28.2638556175445,NA,27.8290336,156.144874996156,155.673457383979,NA
"648",25,316.03,28.3494455411578,28.2701438961625,NA,27.8290336,156.144874996156,155.708092363959,NA
"649",25,316.03,28.3494455411578,28.273390234308,NA,27.8290336,156.144874996156,155.725972751186,NA
"650",25,316.03,28.3494455411578,28.2685480792033,28.3513059247095,27.8290336,156.144874996156,155.699302822053,156.155121734728
"651",25,316.03,28.3494455411578,28.2663193807749,NA,27.8290336,156.144874996156,155.687027455432,NA
"652",25,316.03,28.3494455411578,28.2682155160294,NA,27.8290336,156.144874996156,155.697471109502,NA
"653",25,316.03,28.3494455411578,28.2612236882543,NA,27.8290336,156.144874996156,155.658961076832,NA
"654",25,316.03,28.3494455411578,28.2677330443085,29.125223148679,27.8290336,156.144874996156,155.694813721143,160.417752127927
"655",25,316.03,28.3494455411578,28.2704912174149,NA,27.8290336,156.144874996156,155.710005361991,NA
"656",26,263.23,28.25769887546,28.1545711339703,NA,30.4290167069016,152.814722879703,152.257018683533,NA
"657",26,263.23,28.25769887546,28.1626024077105,NA,30.4290167069016,152.814722879703,152.300450984103,NA
"658",26,263.23,28.25769887546,28.1579515983768,28.0811404888477,30.4290167069016,152.814722879703,152.275299886605,151.859913323513
"659",26,263.23,28.25769887546,28.1489558995403,28.459129771879,30.4290167069016,152.814722879703,152.226652074521,153.904040405215
"660",26,263.23,28.25769887546,28.1560868913074,29.1514816208555,30.4290167069016,152.814722879703,152.265215742976,157.64820784089
"661",26,263.23,28.25769887546,28.1555762648925,27.3902586769394,30.4290167069016,152.814722879703,152.262454327957,148.12369569678
"662",26,263.23,28.25769887546,28.1559869303375,NA,30.4290167069016,152.814722879703,152.264675164355,NA
"663",26,263.23,28.25769887546,28.1550481154899,NA,30.4290167069016,152.814722879703,152.259598150426,NA
"664",26,263.23,28.25769887546,28.1622963169893,NA,30.4290167069016,152.814722879703,152.298795677033,NA
"665",26,263.23,28.25769887546,28.1605366912686,28.3864235154321,30.4290167069016,152.814722879703,152.289279802508,153.510852464488
"666",26,263.23,28.25769887546,28.1584692383486,29.0453498923123,30.4290167069016,152.814722879703,152.278099230217,157.074258392367
"667",26,263.23,28.25769887546,28.1459934298227,NA,30.4290167069016,152.814722879703,152.210631343643,NA
"668",26,263.23,28.25769887546,28.1528104029838,28.504020295786,30.4290167069016,152.814722879703,152.247496831844,154.146803731451
"669",26,263.23,28.25769887546,28.1591131727854,NA,30.4290167069016,152.814722879703,152.281581561278,NA
"670",26,263.23,28.25769887546,28.1579722562622,28.5702154344773,30.4290167069016,152.814722879703,152.27541160232,154.504780218485
"671",26,263.23,28.25769887546,28.153729926644,NA,30.4290167069016,152.814722879703,152.252469521019,NA
"672",26,263.23,28.25769887546,28.1578257668708,27.9631179261371,30.4290167069016,152.814722879703,152.27461940279,151.221659469451
"673",26,263.23,28.25769887546,28.1621714979514,NA,30.4290167069016,152.814722879703,152.298120668542,NA
"674",26,263.23,28.25769887546,28.1494290809395,28.9796548382428,30.4290167069016,152.814722879703,152.229210990755,156.718986311423
"675",26,263.23,28.25769887546,28.1574725981793,28.8849934783114,30.4290167069016,152.814722879703,152.272709502909,156.207067434055
"676",26,263.23,28.25769887546,28.1565073608095,NA,30.4290167069016,152.814722879703,152.267489598704,NA
"677",26,263.23,28.25769887546,28.1587749569447,NA,30.4290167069016,152.814722879703,152.279752524873,NA
"678",26,263.23,28.25769887546,28.1643657310811,28.3310739788218,30.4290167069016,152.814722879703,152.309986855138,153.211527875606
"679",26,263.23,28.25769887546,28.1582363116809,NA,30.4290167069016,152.814722879703,152.276839586807,NA
"680",26,263.23,28.25769887546,28.1585552684641,28.9782805760424,30.4290167069016,152.814722879703,152.278564472214,156.711554443094
"681",26,263.23,28.25769887546,28.1487610504665,NA,30.4290167069016,152.814722879703,152.225598350814,NA
"682",26,263.23,28.25769887546,28.1579013003405,NA,30.4290167069016,152.814722879703,152.275027880009,NA
"683",27,227.09,29.9119096690707,29.8259014440525,NA,35.01008174534,153.197164012717,152.756663345914,NA
"684",27,227.09,29.9119096690707,29.8239708529181,32.225884835351,35.01008174534,153.197164012717,152.746775609226,165.048444555883
"685",27,227.09,29.9119096690707,29.8246386450817,NA,35.01008174534,153.197164012717,152.750195780881,NA
"686",27,227.09,29.9119096690707,29.8248526731968,31.2898938682787,35.01008174534,153.197164012717,152.751291949618,160.254662972447
"687",27,227.09,29.9119096690707,29.8278065542056,29.8552328967037,35.01008174534,153.197164012717,152.76642057893,152.90688763491
"688",27,227.09,29.9119096690707,29.8235876167839,NA,35.01008174534,153.197164012717,152.744812822845,NA
"689",27,227.09,29.9119096690707,29.8317127106352,31.4431097959358,35.01008174534,153.197164012717,152.786426392461,161.03937534482
"690",27,227.09,29.9119096690707,29.8247355627403,31.0505752138397,35.01008174534,153.197164012717,152.750692155423,159.028965932003
"691",27,227.09,29.9119096690707,29.8254473710824,31.6935798238603,35.01008174534,153.197164012717,152.75433776082,162.322185381783
"692",27,227.09,29.9119096690707,29.8272044945392,NA,35.01008174534,153.197164012717,152.763337063552,NA
"693",27,227.09,29.9119096690707,29.8296039165246,31.2074234513887,35.01008174534,153.197164012717,152.775625969459,159.832281582483
"694",27,227.09,29.9119096690707,29.8260310736525,NA,35.01008174534,153.197164012717,152.757327258293,NA
"695",27,227.09,29.9119096690707,29.8271607480816,NA,35.01008174534,153.197164012717,152.763113011216,NA
"696",27,227.09,29.9119096690707,29.8259827486484,NA,35.01008174534,153.197164012717,152.757079756422,NA
"697",27,227.09,29.9119096690707,29.8247048793112,NA,35.01008174534,153.197164012717,152.750535006836,NA
"698",27,227.09,29.9119096690707,29.8303444390805,NA,35.01008174534,153.197164012717,152.779418637888,NA
"699",27,227.09,29.9119096690707,29.8244156371479,NA,35.01008174534,153.197164012717,152.749053621006,NA
"700",27,227.09,29.9119096690707,29.8236899671443,32.3825555528556,35.01008174534,153.197164012717,152.745337021572,165.850851017759
"701",27,227.09,29.9119096690707,29.8298686643354,NA,35.01008174534,153.197164012717,152.776981904745,NA
"702",28,200.2,30.4247428261091,30.4930348700946,NA,36.5490424655724,153.219104003437,153.56302295946,NA
"703",28,200.2,30.4247428261091,30.4934865870196,NA,36.5490424655724,153.219104003437,153.565297807366,NA
"704",28,200.2,30.4247428261091,30.4845880751139,33.4568042503333,36.5490424655724,153.219104003437,153.520484872415,168.488575215018
"705",28,200.2,30.4247428261091,30.4880989347535,32.2472900887595,36.5490424655724,153.219104003437,153.538165573,162.397457956443
"706",28,200.2,30.4247428261091,30.493550537921,NA,36.5490424655724,153.219104003437,153.565619864314,NA
"707",28,200.2,30.4247428261091,30.4849170502057,31.3434939249895,36.5490424655724,153.219104003437,153.52214159205,157.845937530912
"708",28,200.2,30.4247428261091,30.4716471806735,30.9078042285122,36.5490424655724,153.219104003437,153.455314485849,155.65180279987
"709",28,200.2,30.4247428261091,30.4964990485302,31.2651150467298,36.5490424655724,153.219104003437,153.580468573349,157.451221244618
"710",28,200.2,30.4247428261091,30.4803619141967,NA,36.5490424655724,153.219104003437,153.499201912267,NA
"711",28,200.2,30.4247428261091,30.4836210167915,NA,36.5490424655724,153.219104003437,153.515614763553,NA
"712",28,200.2,30.4247428261091,30.4941555317638,32.0732550914776,36.5490424655724,153.219104003437,153.568666615277,161.521017143083
"713",28,200.2,30.4247428261091,30.4901022629758,NA,36.5490424655724,153.219104003437,153.548254340455,NA
"714",28,200.2,30.4247428261091,30.4751436717669,NA,36.5490424655724,153.219104003437,153.472922826388,NA
"715",28,200.2,30.4247428261091,30.4781470326013,31.6619574281506,36.5490424655724,153.219104003437,153.488047761336,159.449720770462
"716",29,175.71,31.9571201265639,32.2673848501305,NA,38.5694,143.137413838482,144.52710383435,NA
"717",29,175.71,31.9571201265639,32.271908601998,34.1762979331631,38.5694,143.137413838482,144.547365927449,153.077213508363
"718",29,175.71,31.9571201265639,32.2783748519723,33.7751786396964,38.5694,143.137413838482,144.576328559091,151.280581706745
"719",29,175.71,31.9571201265639,32.2819062567581,NA,38.5694,143.137413838482,144.592145883876,NA
"720",29,175.71,31.9571201265639,32.2852101395106,NA,38.5694,143.137413838482,144.606944126989,NA
"721",29,175.71,31.9571201265639,32.26974866443,34.0272477321734,38.5694,143.137413838482,144.537691467538,152.40961078893
"722",29,175.71,31.9571201265639,32.2687534295517,NA,38.5694,143.137413838482,144.533233764651,NA
"723",29,175.71,31.9571201265639,32.2733289989087,NA,38.5694,143.137413838482,144.553727950673,NA
"724",29,175.71,31.9571201265639,32.2769070646006,NA,38.5694,143.137413838482,144.569754271808,NA
"725",29,175.71,31.9571201265639,32.2805197440412,NA,38.5694,143.137413838482,144.585935629518,NA
"726",29,175.71,31.9571201265639,32.2788760071505,33.4473099024211,38.5694,143.137413838482,144.57857325623,149.812042522168
"727",30,155.12,32.6567344913761,33.1081054079413,33.5414804142351,40.1309932406449,136.780512922764,138.671049329658,140.486211089461
"728",30,155.12,32.6567344913761,33.1083776336614,NA,40.1309932406449,136.780512922764,138.672189528585,NA
"729",30,155.12,32.6567344913761,33.1122167048786,NA,40.1309932406449,136.780512922764,138.688269217459,NA
"730",30,155.12,32.6567344913761,33.1103257841103,33.8426155058951,40.1309932406449,136.780512922764,138.680349224336,141.747494954422
"731",30,155.12,32.6567344913761,33.1108303533778,NA,40.1309932406449,136.780512922764,138.68246257842,NA
"732",30,155.12,32.6567344913761,33.1102470453931,NA,40.1309932406449,136.780512922764,138.68001943257,NA
"733",30,155.12,32.6567344913761,33.1119282278424,33.8275517024704,40.1309932406449,136.780512922764,138.687060950999,141.68440123758
"734",30,155.12,32.6567344913761,33.1089074324484,34.0487712198102,40.1309932406449,136.780512922764,138.674408554797,142.610964150913
"735",30,155.12,32.6567344913761,33.1084240070247,33.1003777615598,40.1309932406449,136.780512922764,138.672383760266,138.638682607994
"736",30,155.12,32.6567344913761,33.1078653081987,NA,40.1309932406449,136.780512922764,138.670043688204,NA
"737",30,155.12,32.6567344913761,33.1074235086758,NA,40.1309932406449,136.780512922764,138.66819324093,NA
"738",30,155.12,32.6567344913761,33.1119706004232,NA,40.1309932406449,136.780512922764,138.687238425673,NA
"739",30,155.12,32.6567344913761,33.1100487626389,NA,40.1309932406449,136.780512922764,138.67918893873,NA
"740",30,155.12,32.6567344913761,33.1087385857388,NA,40.1309932406449,136.780512922764,138.67370135183,NA
"741",30,155.12,32.6567344913761,33.1100165508432,NA,40.1309932406449,136.780512922764,138.679054021813,NA
"742",30,155.12,32.6567344913761,33.1070468373239,32.6048117207385,40.1309932406449,136.780512922764,138.666615578572,136.563037926847
"743",30,155.12,32.6567344913761,33.1105226731659,NA,40.1309932406449,136.780512922764,138.681173880763,NA
"744",30,155.12,32.6567344913761,33.1100424905474,34.1843651121403,40.1309932406449,136.780512922764,138.679162668501,143.178889953384
"745",30,155.12,32.6567344913761,33.1116618567611,NA,40.1309932406449,136.780512922764,138.685945273828,NA
"746",30,155.12,32.6567344913761,33.1112639957846,33.5245216655522,40.1309932406449,136.780512922764,138.684278860168,140.415180523193
"747",30,155.12,32.6567344913761,33.1075161095577,NA,40.1309932406449,136.780512922764,138.66858109343,NA
"748",31,151.04,33.2803570949188,33.7371136423906,NA,34.3933034308209,136.347544261034,138.21884730611,NA
"749",31,151.04,33.2803570949188,33.7364873452576,34.8097941323494,34.3933034308209,136.347544261034,138.216281405876,142.613552271729
"750",31,151.04,33.2803570949188,33.7358856675112,34.5575868530106,34.3933034308209,136.347544261034,138.213816369731,141.580274801643
"751",31,151.04,33.2803570949188,33.7363239669029,34.783228437612,34.3933034308209,136.347544261034,138.215612054962,142.504714279736
"752",31,151.04,33.2803570949188,33.734671729165,35.2383202123827,34.3933034308209,136.347544261034,138.208842940152,144.36919685504
"753",31,151.04,33.2803570949188,33.7379192391156,NA,34.3933034308209,136.347544261034,138.222147785573,NA
"754",31,151.04,33.2803570949188,33.736167938714,34.4401353924611,34.3933034308209,136.347544261034,138.214972817218,141.099083504022
"755",31,151.04,33.2803570949188,33.7366103408107,NA,34.3933034308209,136.347544261034,138.216785310974,NA
"756",31,151.04,33.2803570949188,33.7366976757016,NA,34.3933034308209,136.347544261034,138.217143116567,NA
"757",31,151.04,33.2803570949188,33.7333313621447,NA,34.3933034308209,136.347544261034,138.203351540191,NA
"758",31,151.04,33.2803570949188,33.7363230310355,NA,34.3933034308209,136.347544261034,138.215608220771,NA
"759",31,151.04,33.2803570949188,33.7364827204877,NA,34.3933034308209,136.347544261034,138.216262458482,NA
"760",31,151.04,33.2803570949188,33.7375023797787,NA,34.3933034308209,136.347544261034,138.220439938908,NA
"761",31,151.04,33.2803570949188,33.7352008334361,NA,34.3933034308209,136.347544261034,138.211010647301,NA
"762",31,151.04,33.2803570949188,33.7402111204368,NA,34.3933034308209,136.347544261034,138.231537480191,NA
"763",31,151.04,33.2803570949188,33.7353415006728,34.4041054815873,34.3933034308209,136.347544261034,138.211586952184,140.951471209671
"764",32,145.05,33.3981160937468,33.9063763117117,35.6727568968165,34.1156248478751,136.378906857241,138.454352452152,145.66724591639
"765",32,145.05,33.3981160937468,33.9089322294658,36.0192824987691,34.1156248478751,136.378906857241,138.464789366268,147.08225934588
"766",32,145.05,33.3981160937468,33.9097415030618,NA,34.1156248478751,136.378906857241,138.468093979261,NA
"767",32,145.05,33.3981160937468,33.9074438545563,35.8764433604293,34.1156248478751,136.378906857241,138.458711689833,146.498985562158
"768",32,145.05,33.3981160937468,33.908084777766,NA,34.1156248478751,136.378906857241,138.461328855618,NA
"769",32,145.05,33.3981160937468,33.9072311085476,NA,34.1156248478751,136.378906857241,138.457842956159,NA
"770",32,145.05,33.3981160937468,33.9092488652587,NA,34.1156248478751,136.378906857241,138.466082326721,NA
"771",32,145.05,33.3981160937468,33.9092237955685,35.4650856124464,34.1156248478751,136.378906857241,138.465979956368,144.819234529504
"772",32,145.05,33.3981160937468,33.9100071990511,34.1510335741749,34.1156248478751,136.378906857241,138.469178930534,139.453393533264
"773",32,145.05,33.3981160937468,33.9089795001691,NA,34.1156248478751,136.378906857241,138.464982392929,NA
"774",32,145.05,33.3981160937468,33.9081246494274,35.4856008043276,34.1156248478751,136.378906857241,138.461491668802,144.903006902618
"775",32,145.05,33.3981160937468,33.9074452684454,NA,34.1156248478751,136.378906857241,138.458717463352,NA
"776",32,145.05,33.3981160937468,33.9041908086642,NA,34.1156248478751,136.378906857241,138.445428100979,NA
"777",32,145.05,33.3981160937468,33.908880798399,NA,34.1156248478751,136.378906857241,138.464579351049,NA
"778",32,145.05,33.3981160937468,33.9091572224628,36.4708874447288,34.1156248478751,136.378906857241,138.465708109676,148.926357039548
"779",33,145.18,33.3034052160743,33.8038226281192,NA,34.1050215,135.961838892631,138.004803301647,NA
"780",33,145.18,33.3034052160743,33.8054061668257,35.1595681828025,34.1050215,135.961838892631,138.011268131088,143.539662499658
"781",33,145.18,33.3034052160743,33.8041959591216,34.8478884031178,34.1050215,135.961838892631,138.006327433167,142.267223368685
"782",33,145.18,33.3034052160743,33.8044393659645,NA,34.1050215,135.961838892631,138.007321146625,NA
"783",33,145.18,33.3034052160743,33.8042515266036,35.5683026471068,34.1050215,135.961838892631,138.006554288559,145.208329382971
"784",33,145.18,33.3034052160743,33.8037010527662,NA,34.1050215,135.961838892631,138.004306967761,NA
"785",33,145.18,33.3034052160743,33.8051891191275,NA,34.1050215,135.961838892631,138.010382029382,NA
"786",33,145.18,33.3034052160743,33.8021274455618,NA,34.1050215,135.961838892631,137.997882683883,NA
"787",33,145.18,33.3034052160743,33.8014210385088,NA,34.1050215,135.961838892631,137.994998762515,NA
"788",33,145.18,33.3034052160743,33.8022055193254,NA,34.1050215,135.961838892631,137.998201421634,NA
"789",33,145.18,33.3034052160743,33.804289090554,33.7633019809934,34.1050215,135.961838892631,138.006707644162,137.839376923756
"790",33,145.18,33.3034052160743,33.8035921896191,NA,34.1050215,135.961838892631,138.003862531717,NA
"791",33,145.18,33.3034052160743,33.8031329488042,NA,34.1050215,135.961838892631,138.001987671615,NA
"792",33,145.18,33.3034052160743,33.7999494758456,NA,34.1050215,135.961838892631,137.988991077582,NA
"793",33,145.18,33.3034052160743,33.8044102979101,34.9236223891529,34.1050215,135.961838892631,138.007202475694,142.576408929176
"794",33,145.18,33.3034052160743,33.8034697829775,NA,34.1050215,135.961838892631,138.003362804077,NA
